Workbook

Sheet Índice
A1: DOE — SMART PACKAGING LINE
A2: Weight-based kit verification · Capstone · TE Connectivity
A4: ÍNDICE DEL DOCUMENTO
A5: # | B5: Sección | C5: Hoja | D5: Propósito
A6: 0 | B6: Setup | C6: Instructions | D6: Cómo usar este documento
C7: Components | D7: Catálogo de componentes (n=30)
C8: Recipes | D8: Recetas R3, R4, R6
C9: INFO Muestras Componentes | D9: Análisis de potencia
A10: 1 | B10: Documentación | C10: Documentación | D10: Teoría, fórmulas, fuentes de los 10 métodos
A11: 2 | B11: Métodos base | C11: Runs 1.0 20262904 | D11: k=3, déficit absoluto
C12: Runs 1.0 + 3.5 sigma | D12: k=3.5
C13: Runs 1.0 + 6 sigma | D13: k=6 (Six Sigma)
C14: Runs Z score | D14: Déficit normalizado por σ
C15: Runs Z score + 6 sigma | D15: Z-score con k=6
C16: Runs 1.1 | D16: Variante intermedia
A17: 3 | B17: Métodos estadísticos | C17: Runs Mahalanobis | D17: Mahalanobis (1936)
C18: Runs GMM | D18: Gaussian Mixture Model
C19: Runs 1.0 + Bayes | D19: Bayes Óptimo
A20: 4 | B20: Machine Learning (★ ML) | C20: Runs Logistic ML | D20: ★ Logistic Regression — 97.27% L2
C21: Runs Random Forest | D21: ★ Random Forest — 96.67% L2
A22: 5 | B22: Resultados | C22: Results | D22: Métricas detalladas
C23: Comparativa Final | D23: ★ Todos los métodos lado a lado
A24: 6 | B24: Datos adicionales | C24: Future Data 2 pieces missing | D24: Casos con 2 piezas faltantes
C25: Sheet1 | D25: Análisis auxiliar

Sheet Instructions
A1: DOE — SMART PACKAGING LINE INSPECTION
A2: Weight-based kit verification · Capstone · TE Connectivity
A4: COLOR CODE
A5: Yellow cells = inputs you must fill in
A6: Blue text = hardcoded input values
A7: Green text = links / references to other sheets
A8: Black text = formulas (do not edit)
A10: STEP-BY-STEP
A11: 1. COMPONENTS sheet
A12: Weigh 20 individual units of each component (S1, S2, W1, W2, N1, N2).
A13: Enter measured_mean_g and measured_std_g in yellow cells.
A14: This is critical — the model depends on these baselines.
... A50: • This is expected and validates the need for a Phase 2 complementary sensor.

Sheet Components
A1: component_id | B1: description | C1: nominal_weight_g | D1: measured_mean_g | E1: measured_std_g | F1: n_samples | G1: notes
A2: S1 | B2: Component type S1 | D2: 2.7533333 | E2: 0.0066089455 | F2: 30 | G2: Weigh 30 individual units BEFORE DOE
A3: S2 | B3: Component type S2 | D3: 4.036 | E3: 0.013796551 | F3: 30 | G3: Weigh 30 individual units BEFORE DOE
A4: W1 | B4: Component type W1 | D4: 0.99333333 | E4: 0.013978637 | F4: 30 | G4: Weigh 30 individual units BEFORE DOE
A5: W2 | B5: Component type W2 | D5: 4.5626667 | E5: 0.025179813 | F5: 30 | G5: Weigh 30 individual units BEFORE DOE
A6: N1 | B6: Component type N1 | D6: 1.1556667 | E6: 0.027628488 | F6: 30 | G6: Weigh 30 individual units BEFORE DOE
A7: N2 | B7: Component type N2 | D7: 1.3743333 | E7: 0.025145553 | F7: 30 | G7: Weigh 30 individual units BEFORE DOE

Sheet Recipes
A1: recipe_id | B1: components_list | C1: n_components | D1: n_S1 | E1: n_S2 | F1: n_W1 | G1: n_W2 | H1: n_N1 | I1: n_N2 | J1: expected_weight_g | K1: expected_variance | L1: expected_std_g | M1: lower_bound_3s | N1: upper_bound_3s
A2: R3 | B2: S2,W2,N2 | C2: 3 | D2: 0 | E2: 1 | F2: 0 | G2: 1 | H2: 0 | I2: 1 | J2: =D2*Components!$D$2+E2*Components!$D$3+F2*Components!$D$4+G2*Components!$D$5+H2*Components!$D$6+I2*Components!$D$7 | K2: =D2*Components!$E$2^2+E2*Components!$E$3^2+F2*Components!$E$4^2+G2*Components!$E$5^2+H2*Components!$E$6^2+I2*Components!$E$7^2 | L2: =SQRT(K2) | M2: =J2-3*L2 | N2: =J2+3*L2
A3: R4 | B3: S1,W1,N1,S2 | C3: 4 | D3: 1 | E3: 1 | F3: 1 | G3: 0 | H3: 1 | I3: 0 | J3: =D3*Components!$D$2+E3*Components!$D$3+F3*Components!$D$4+G3*Components!$D$5+H3*Components!$D$6+I3*Components!$D$7 | K3: =D3*Components!$E$2^2+E3*Components!$E$3^2+F3*Components!$E$4^2+G3*Components!$E$5^2+H3*Components!$E$6^2+I3*Components!$E$7^2 | L3: =SQRT(K3) | M3: =J3-3*L3 | N3: =J3+3*L3
A4: R6 | B4: S1,W1,W1,N2,N2,N1 | C4: 6 | D4: 1 | E4: 0 | F4: 2 | G4: 0 | H4: 1 | I4: 2 | J4: =D4*Components!$D$2+E4*Components!$D$3+F4*Components!$D$4+G4*Components!$D$5+H4*Components!$D$6+I4*Components!$D$7 | K4: =D4*Components!$E$2^2+E4*Components!$E$3^2+F4*Components!$E$4^2+G4*Components!$E$5^2+H4*Components!$E$6^2+I4*Components!$E$7^2 | L4: =SQRT(K4) | M4: =J4-3*L4 | N4: =J4+3*L4

Sheet INFO Muestras Componentes
A1: Determinación de tamaño de muestra por potencia estadística | F1: Referencias a confirmar
A2: Probabilidad de equivocarte diciendo que dos componentes son diferentes cuando en realidad no lo son (Nivel de significancia, α) | B2: Probabilidad de detectar una diferencia real cuando sí existe (Potencia estadística, 1−β) | C2: Cuántas desviaciones estándar te alejas del centro para capturar el 95% de los datos en una curva normal (Valor crítico de dos colas, z_α/2) | D2: Cuántas desviaciones estándar te alejas del centro para capturar el 80% de los datos en una curva normal (Valor crítico de potencia, z_β) | F2: Montgomery, D.C. & Runger, G.C. (2014). Applied Statistics and Probability for Engineers (6th ed.). Wiley. Capítulo 10 — Inference for Two Samples Sección 10-2: Sample size determination for the two-sample t-test Ahí encuentras exactamente la fórmula n = 2σ²(z_α/2 + z_β)² / δ² con su derivación completa y tablas de OC curves. | G2: Cohen, J. (1988). Statistical Power Analysis for the Behavioral Sciences (2nd ed.). Lawrence Erlbaum. Capítulo 2 — The t-Test for Means Sección 2.2: The effect size index d Sección 2.4: Power tables and sample size determination Es el libro de referencia estándar para power analysis — define formalmente α, β, potencia y el cálculo de n para comparación de medias.
A3: 0.05 | B3: 0.8 | C3: =_xlfn.NORM.S.INV(1 - A3/2) | D3: =_xlfn.NORM.S.INV(B3)
G4: Si la celda es de este color verde, es modificable
A5: Par que se está comparando | B5: Qué tan separadas están las medias de los dos componentes (Diferencia mínima detectable, δ) | C5: Qué tanto varían juntos los dos componentes (Desviación estándar combinada, σ_pooled) | D5: Número mínimo de muestras (n) | E5: Notes
A6: S1/S2 | B6: =ABS(Components!D2-Components!D3) | C6: =SQRT(((Components!E2^2)+(Components!E3^2))/2) | D6: =ROUNDUP(2 * (C6^2) * ($C$3 + $D$3)^2 / (B6^2), 0)
A7: S1/W1 | B7: =ABS(Components!D2-Components!D4) | C7: =SQRT(((Components!E2^2)+(Components!E4^2))/2) | D7: =ROUNDUP(2 * (C7^2) * ($C$3 + $D$3)^2 / (B7^2), 0)
A8: S1/W2 | B8: =ABS(Components!D2-Components!D5) | C8: =SQRT(((Components!E2^2)+(Components!E5^2))/2) | D8: =ROUNDUP(2 * (C8^2) * ($C$3 + $D$3)^2 / (B8^2), 0)
A9: S1/N1 | B9: =ABS(Components!D2-Components!D6) | C9: =SQRT(((Components!E2^2)+(Components!E6^2))/2) | D9: =ROUNDUP(2 * (C9^2) * ($C$3 + $D$3)^2 / (B9^2), 0)
A10: S1/N2 | B10: =ABS(Components!D2-Components!D7) | C10: =SQRT(((Components!E2^2)+(Components!E7^2))/2) | D10: =ROUNDUP(2 * (C10^2) * ($C$3 + $D$3)^2 / (B10^2), 0)
A11: S2/W1 | B11: =ABS(Components!D3-Components!D4) | C11: =SQRT(((Components!E3^2)+(Components!E4^2))/2) | D11: =ROUNDUP(2 * (C11^2) * ($C$3 + $D$3)^2 / (B11^2), 0)
A12: S2/W2 | B12: =ABS(Components!D3-Components!D5) | C12: =SQRT(((Components!E3^2)+(Components!E5^2))/2) | D12: =ROUNDUP(2 * (C12^2) * ($C$3 + $D$3)^2 / (B12^2), 0) | E12: Parecido
A13: S2/N1 | B13: =ABS(Components!D3-Components!D6) | C13: =SQRT(((Components!E3^2)+(Components!E6^2))/2) | D13: =ROUNDUP(2 * (C13^2) * ($C$3 + $D$3)^2 / (B13^2), 0)
A14: S2/N2 | B14: =ABS(Components!D3-Components!D7) | C14: =SQRT(((Components!E3^2)+(Components!E7^2))/2) | D14: =ROUNDUP(2 * (C14^2) * ($C$3 + $D$3)^2 / (B14^2), 0)
A15: W1/W2 | B15: =ABS(Components!D4-Components!D5) | C15: =SQRT(((Components!E4^2)+(Components!E5^2))/2) | D15: =ROUNDUP(2 * (C15^2) * ($C$3 + $D$3)^2 / (B15^2), 0)
A16: W1/N1 | B16: =ABS(Components!D4-Components!D6) | C16: =SQRT(((Components!E4^2)+(Components!E6^2))/2) | D16: =ROUNDUP(2 * (C16^2) * ($C$3 + $D$3)^2 / (B16^2), 0) | E16: Más parecido
A17: W1/N2 | B17: =ABS(Components!D4-Components!D7) | C17: =SQRT(((Components!E4^2)+(Components!E7^2))/2) | D17: =ROUNDUP(2 * (C17^2) * ($C$3 + $D$3)^2 / (B17^2), 0) | E17: Parecido
A18: W2/N1 | B18: =ABS(Components!D5-Components!D6) | C18: =SQRT(((Components!E5^2)+(Components!E6^2))/2) | D18: =ROUNDUP(2 * (C18^2) * ($C$3 + $D$3)^2 / (B18^2), 0)
A19: W2/N2 | B19: =ABS(Components!D5-Components!D7) | C19: =SQRT(((Components!E5^2)+(Components!E7^2))/2) | D19: =ROUNDUP(2 * (C19^2) * ($C$3 + $D$3)^2 / (B19^2), 0)
A20: N1/N2 | B20: =ABS(Components!D6-Components!D7) | C20: =SQRT(((Components!E6^2)+(Components!E7^2))/2) | D20: =ROUNDUP(2 * (C20^2) * ($C$3 + $D$3)^2 / (B20^2), 0) | E20: Parecido
A22: Conclusión
A23: El análisis de determinación de tamaño de muestra por potencia estadística (α = 0.05, potencia = 0.80) aplicado a los 15 pares posibles entre los 6 componentes del sistema indica que el número mínimo de muestras requerido para detectar la diferencia mínima detectable entre cualquier par es n = 1 en todos los casos. El par más difícil de distinguir es W1/N1, con una diferencia mínima detectable de apenas 0.1623g y una desviación estándar combinada de 0.0219g. A pesar de ser el par más parecido del catálogo, la fórmula sigue arrojando n = 1, lo que confirma que incluso en el caso más desfavorable la diferencia entre medias supera ampliamente el ruido de medición a nivel de componente individual. Por lo tanto, el tamaño de calibración adoptado de n = 30 unidades por componente es estadísticamente conservador, está 30 veces por encima del mínimo requerido. Esto descarta que una calibración insuficiente sea la causa de los errores de identificación observados en la receta R6. La fuente de ambigüedad reside en otro nivel del sistema, no en los datos de calibración.

Sheet Documentación
A1: DOCUMENTACIÓN DE MÉTODOS DE CLASIFICACIÓN
A2: Cada método clasifica kits en dos niveles: L1 (OK/NG) y L2 (componente faltante si NG).
A4: 1. RUNS 1.0 — Z-score clásico con déficit absoluto
A5: Teoría | B5: Método clásico de Statistical Process Control (Shewhart, 1931). El kit es OK si su peso cae dentro de los límites de control μ ± k·σ. Si es NG, identifica la pieza faltante como aquella cuyo peso individual es más cercano al déficit observado.
A6: Fórmula L1 | B6: OK si |w − μ_kit| ≤ k·σ_kit, donde k=3 (3-sigma de Shewhart)
A7: Fórmula L2 | B7: componente_faltante = argmin over i of |déficit − μ_i|, donde déficit = μ_kit − w
A8: Fuente | B8: Shewhart, W.A. (1931). Economic Control of Quality of Manufactured Product. Van Nostrand. Montgomery, D.C. (2009). Introduction to Statistical Quality Control (6th ed.). Wiley. Capítulo 5.
A9: Desempeño | B9: L1: 99.05%, L2: 96.06% (mejor método actual en L2) | F9: → Runs 1.0 20262904
A11: 2. RUNS 1.0 + 3.5 SIGMA — Variante con umbral relajado
A12: Teoría | B12: Misma lógica que Runs 1.0 pero con k=3.5. Reduce falsos positivos a costa de potenciales falsos negativos. Útil cuando el costo de rechazar un kit bueno supera al de aceptar uno defectuoso.
A13: Fórmula L1 | B13: OK si |w − μ_kit| ≤ 3.5·σ_kit
A14: Fórmula L2 | B14: Igual que Runs 1.0
A15: Fuente | B15: Variante práctica del método de Shewhart. No tiene paper específico.
A16: Desempeño | B16: L1: 99.29%, L2: 96.06% | F16: → Runs 1.0 + 3.5 sigma
A18: 3. RUNS 1.0 + 6 SIGMA — Variante Six Sigma estricta
A19: Teoría | B19: Misma lógica con k=6 (Six Sigma). Minimiza falsos positivos hasta 3.4 por millón asumiendo normalidad perfecta. Usado en industrias de alta criticidad.
A20: Fórmula L1 | B20: OK si |w − μ_kit| ≤ 6·σ_kit
A21: Fórmula L2 | B21: Igual que Runs 1.0
A22: Fuente | B22: Harry, M.J., Schroeder, R. (2000). Six Sigma: The Breakthrough Management Strategy. Currency Doubleday. ISBN: 978-0385494373.
A23: Desempeño | B23: L1: 99.52%, L2: 96.06% | F23: → Runs 1.0 + 6 sigma
A25: 4. RUNS Z-SCORE — Déficit normalizado por σ del componente
A26: Teoría | B26: Variante donde la identificación L2 usa la distancia normalizada por la desviación estándar de cada componente. Penaliza componentes con σ pequeño (zona de aceptación más estrecha), lo que sesga la decisión en pares como W1/N1.
A27: Fórmula L1 | B27: OK si |w − μ_kit| ≤ k·σ_kit (mismo que Runs 1.0)
A28: Fórmula L2 | B28: componente_faltante = argmin over i of |déficit − μ_i| / σ_i
A29: Fuente | B29: Aplicación directa de z-score multivariable. Fundamento: Cox, D.R., Snell, E.J. (1989). Analysis of Binary Data (2nd ed.). Chapman & Hall.
A30: Desempeño | B30: L1: 99.05%, L2: 93.64% (peor que Runs 1.0 por la normalización) | F30: → Runs Z score
A32: 5. RUNS MAHALANOBIS — Distancia generalizada con corrección de sesgo
A33: Teoría | B33: Mahalanobis (1936) generalizó el z-score a múltiples variables considerando covarianzas. Con 1 variable, el método se reduce al z-score pero con dos mejoras importantes: (1) umbral calibrado por distribución F de Hotelling en lugar de k=3 arbitrario, (2) corrección de sesgo D² = D₁² − 2P/n para muestras finitas (eq. 4.12 del paper).
A34: Fórmula L1 | B34: D² = (w − μ_kit)² / σ²_kit − 2P/n; OK si D² ≤ T²_crit (Hotelling)
A35: Fórmula L2 | B35: Igual que Runs 1.0 (déficit absoluto)
A36: Fuente | B36: Mahalanobis, P.C. (1936). On the Generalised Distance in Statistics. Proc. Natl. Inst. Sci. India, 2(1), 49-55. Ecuaciones verificadas: 2.1, 4.11, 4.12, 4.31.
A37: Desempeño | B37: L1: 99.05%, L2: 96.06% (igual que Runs 1.0 con 1 variable; mejora estructural al añadir variables) | F37: → Runs Mahalanobis
A39: 6. RUNS GMM — Gaussian Mixture Model con flag AMBIGUOUS
A40: Teoría | B40: Cada hipótesis 'falta componente X' se modela como una distribución Gaussiana propia. Para un kit NG, evalúa la log-likelihood bajo cada hipótesis y normaliza con softmax. Genera probabilidades calibradas y detecta automáticamente kits ambiguos (margen < 0.15) para inspección manual sin reglas ad-hoc.
A41: Fórmula L1 | B41: Igual que Runs 1.0 (k=3)
A42: Fórmula L2 | B42: log L_i = −0.5·((déficit − μ_i)/σ_i)²; P_i = softmax(log L_i); componente = argmax P_i; AMBIGUOUS si P_top1 − P_top2 < 0.15
A43: Fuente | B43: McLachlan, G.J., Peel, D. (2000). Finite Mixture Models. Wiley. ISBN: 978-0471006268. Dempster, Laird, Rubin (1977). EM Algorithm. JRSS B, 39(1), 1-38.
A44: Desempeño | B44: L1: 99.05%, L2: 93.64%; detecta 2 casos AMBIGUOUS automáticamente | F44: → Runs GMM
A46: 7. RUNS 1.0 + BAYES — Combinación: Runs 1.0 (L1) + Bayes Óptimo (L2)
A47: Teoría | B47: Combina lo mejor de dos mundos: usa el L1 de Runs 1.0 (más simple y auditable) y el L2 de Bayes Óptimo (clasificador teóricamente óptimo bajo normalidad). Bayes pondera por cantidad qty_i y varianza σ²_i de cada componente en la receta, lo que respeta correctamente la propagación de varianzas para componentes con cantidades distintas (e.g., W1×2 en R6).
A48: Fórmula L1 | B48: OK si |w − μ_kit| ≤ 3·σ_kit (Runs 1.0)
A49: Fórmula L2 | B49: log L_i = log N(déficit | μ_i·qty_i, σ²_i·qty_i); componente = argmax log L_i; AMBIGUOUS si P_top1 − P_top2 < 0.15
A50: Fuente | B50: Hastie, Tibshirani, Friedman (2009). The Elements of Statistical Learning (2nd ed.). Springer. § 4.4 'Bayes Classifier'. ISBN: 978-0387848587. Duda, R.O., Hart, P.E., Stork, D.G. (2001). Pattern Classification (2nd ed.). Wiley.
A51: Desempeño | B51: Ver hoja Comparativa Final | F51: → Runs 1.0 + Bayes
A54: 8. ★ LOGISTIC REGRESSION (Multinomial) — con features derivadas
A55: Teoría | B55: Modelo lineal probabilístico que extiende la regresión logística binaria a K clases. En lugar de usar solo el peso medido, alimenta al clasificador con features derivadas: z-score, déficit absoluto, distancia normalizada a cada componente individual y distancia absoluta a cada componente. Esto permite que el modelo capture la geometría del problema más allá del peso bruto. La función softmax convierte las salidas en probabilidades calibradas que suman 1.
A56: Fórmula L1 | B56: OK si |w − μ_kit| ≤ 3·σ_kit (idéntico a Runs 1.0)
A57: Fórmula L2 | B57: P(clase k | x) = exp(β_k·x) / Σⱼ exp(β_j·x); Features: [w, deficit, z, weight_norm, dist_S1..N2, absdist_S1..N2]; argmax sobre 6 clases candidatas
A58: Fuente | B58: Cox, D.R., Snell, E.J. (1989). Analysis of Binary Data (2nd ed.). Chapman & Hall. ISBN: 0412233606. Agresti, A. (2002). Categorical Data Analysis (2nd ed.). Wiley. Capítulo 7. ISBN: 978-0471360933.
A59: Desempeño | B59: L1: 99.05% / L2: 97.27% (5-fold CV) — supera al techo teórico de Bayes 1-var | F59: → Runs Logistic ML
A61: 9. ★ RANDOM FOREST — ensemble de árboles de decisión
A62: Teoría | B62: Ensemble de 200 árboles de decisión, cada uno entrenado en una muestra bootstrap del DOE y considerando un subconjunto aleatorio de features en cada split. La predicción final es el voto mayoritario de los árboles. A diferencia de Bayes o Logistic, no asume normalidad de los datos: aprende la estructura empírica directamente del DOE. Hiperparámetros: max_depth=10, class_weight='balanced' para compensar desbalance.
A63: Fórmula L1 | B63: OK si |w − μ_kit| ≤ 3·σ_kit (idéntico a Runs 1.0)
A64: Fórmula L2 | B64: argmax_k Σ_{t=1}^{200} 1[árbol_t(x) = k]; Features idénticos a Logistic; Probabilidad = fracción de árboles que votaron por la clase
A65: Fuente | B65: Breiman, L. (2001). Random Forests. Machine Learning, 45(1), 5-32. DOI: 10.1023/A:1010933404324. Hastie, Tibshirani, Friedman (2009). The Elements of Statistical Learning (2nd ed.). Springer. §15. ISBN: 978-0387848587.
A66: Desempeño | B66: L1: 99.05% / L2: 96.67% (5-fold CV) — ligeramente debajo de Logistic | F66: → Runs Random Forest
A68: NOTA TÉCNICA — Features Derivadas (ML)
A69: Los métodos ML usan 16 features por kit (en lugar de solo el peso bruto): 1. weight — peso medido del kit (g) 2. deficit — μ_kit − peso medido (g) 3. z — déficit normalizado por σ_kit 4. weight_norm — (peso − μ_kit) / σ_kit 5-10. dist_S1 a dist_N2 — distancia normalizada (deficit − μ_i·qty_i) / (σ_i·√qty_i) 11-16. absdist_S1 a absdist_N2 — distancia absoluta |deficit − μ_i·qty_i| Para componentes no presentes en la receta, las distancias se fijan en 99 (sentinel). La ventaja crítica: el modelo combina múltiples vistas del mismo dato (lineal, normalizado, absoluto) y deja que el optimizador encuentre la mejor combinación. Esto rompe el techo teórico de Bayes con 1 variable porque, aunque el peso es 1 variable, las features derivadas crean un espacio multidimensional informativo. Validación: 5-fold Stratified Cross-Validation por receta. Cada predicción se hace con un modelo entrenado en datos que NO incluyen ese kit. Sin data leakage.

Sheet Runs 1.0 20262904
A2: run_id | B2: execution_order | C2: recipe | D2: condition | E2: missing_component | F2: kit_id | G2: measured_weight_g | H2: timestamp | I2: notes | J2: expected_weight | K2: expected_std | L2: lower_bound | M2: upper_bound | N2: predicted_OK_NG | O2: L1_correct | P2: deficit | Q2: match_S1 | R2: match_S2 | S2: match_W1 | T2: match_W2 | U2: match_N1 | V2: match_N2 | W2: predicted_missing | X2: L2_correct | Y2: 17 errores
A3: 1 | B3: 31 | C3: R3 | D3: OK | E3: NONE | F3: K001 | G3: 9.91 | J3: =VLOOKUP(C3,Recipes!$A$2:$N$4,10,FALSE()) | K3: =VLOOKUP(C3,Recipes!$A$2:$N$4,12,FALSE()) | L3: =J3-3*K3 | M3: =J3+3*K3 | N3: =IF(G3="","",IF(AND(G3>=L3,G3<=M3),"OK","NG")) | O3: =IF(N3="","",IF(N3=D3,1,0)) | P3: =IF(G3="","",J3-G3) | Q3: =IF(G3="","",ABS(P3-Components!$D$2)) | R3: =IF(G3="","",ABS(P3-Components!$D$3)) | S3: =IF(G3="","",ABS(P3-Components!$D$4)) | T3: =IF(G3="","",ABS(P3-Components!$D$5)) | U3: =IF(G3="","",ABS(P3-Components!$D$6)) | V3: =IF(G3="","",ABS(P3-Components!$D$7)) | W3: =IF(G3="","",IF(N3="OK","NONE",INDEX({"S1","S2","W1","W2","N1","N2"},MATCH(MIN(Q3:V3),Q3:V3,0)))) | X3: =IF(G3="","",IF(W3=E3,1,0))
A4: 2 | B4: 24 | C4: R3 | D4: OK | E4: NONE | F4: K002 | G4: 10 | J4: =VLOOKUP(C4,Recipes!$A$2:$N$4,10,FALSE()) | K4: =VLOOKUP(C4,Recipes!$A$2:$N$4,12,FALSE()) | L4: =J4-3*K4 | M4: =J4+3*K4 | N4: =IF(G4="","",IF(AND(G4>=L4,G4<=M4),"OK","NG")) | O4: =IF(N4="","",IF(N4=D4,1,0)) | P4: =IF(G4="","",J4-G4) | Q4: =IF(G4="","",ABS(P4-Components!$D$2)) | R4: =IF(G4="","",ABS(P4-Components!$D$3)) | S4: =IF(G4="","",ABS(P4-Components!$D$4)) | T4: =IF(G4="","",ABS(P4-Components!$D$5)) | U4: =IF(G4="","",ABS(P4-Components!$D$6)) | V4: =IF(G4="","",ABS(P4-Components!$D$7)) | W4: =IF(G4="","",IF(N4="OK","NONE",INDEX({"S1","S2","W1","W2","N1","N2"},MATCH(MIN(Q4:V4),Q4:V4,0)))) | X4: =IF(G4="","",IF(W4=E4,1,0))
A5: 3 | B5: 50 | C5: R3 | D5: OK | E5: NONE | F5: K003 | G5: 10 | J5: =VLOOKUP(C5,Recipes!$A$2:$N$4,10,FALSE()) | K5: =VLOOKUP(C5,Recipes!$A$2:$N$4,12,FALSE()) | L5: =J5-3*K5 | M5: =J5+3*K5 | N5: =IF(G5="","",IF(AND(G5>=L5,G5<=M5),"OK","NG")) | O5: =IF(N5="","",IF(N5=D5,1,0)) | P5: =IF(G5="","",J5-G5) | Q5: =IF(G5="","",ABS(P5-Components!$D$2)) | R5: =IF(G5="","",ABS(P5-Components!$D$3)) | S5: =IF(G5="","",ABS(P5-Components!$D$4)) | T5: =IF(G5="","",ABS(P5-Components!$D$5)) | U5: =IF(G5="","",ABS(P5-Components!$D$6)) | V5: =IF(G5="","",ABS(P5-Components!$D$7)) | W5: =IF(G5="","",IF(N5="OK","NONE",INDEX({"S1","S2","W1","W2","N1","N2"},MATCH(MIN(Q5:V5),Q5:V5,0)))) | X5: =IF(G5="","",IF(W5=E5,1,0))
A6: 4 | B6: 12 | C6: R3 | D6: OK | E6: NONE | F6: K004 | G6: 9.91 | J6: =VLOOKUP(C6,Recipes!$A$2:$N$4,10,FALSE()) | K6: =VLOOKUP(C6,Recipes!$A$2:$N$4,12,FALSE()) | L6: =J6-3*K6 | M6: =J6+3*K6 | N6: =IF(G6="","",IF(AND(G6>=L6,G6<=M6),"OK","NG")) | O6: =IF(N6="","",IF(N6=D6,1,0)) | P6: =IF(G6="","",J6-G6) | Q6: =IF(G6="","",ABS(P6-Components!$D$2)) | R6: =IF(G6="","",ABS(P6-Components!$D$3)) | S6: =IF(G6="","",ABS(P6-Components!$D$4)) | T6: =IF(G6="","",ABS(P6-Components!$D$5)) | U6: =IF(G6="","",ABS(P6-Components!$D$6)) | V6: =IF(G6="","",ABS(P6-Components!$D$7)) | W6: =IF(G6="","",IF(N6="OK","NONE",INDEX({"S1","S2","W1","W2","N1","N2"},MATCH(MIN(Q6:V6),Q6:V6,0)))) | X6: =IF(G6="","",IF(W6=E6,1,0))
A7: 5 | B7: 17 | C7: R3 | D7: OK | E7: NONE | F7: K005 | G7: 10.04 | J7: =VLOOKUP(C7,Recipes!$A$2:$N$4,10,FALSE()) | K7: =VLOOKUP(C7,Recipes!$A$2:$N$4,12,FALSE()) | L7: =J7-3*K7 | M7: =J7+3*K7 | N7: =IF(G7="","",IF(AND(G7>=L7,G7<=M7),"OK","NG")) | O7: =IF(N7="","",IF(N7=D7,1,0)) | P7: =IF(G7="","",J7-G7) | Q7: =IF(G7="","",ABS(P7-Components!$D$2)) | R7: =IF(G7="","",ABS(P7-Components!$D$3)) | S7: =IF(G7="","",ABS(P7-Components!$D$4)) | T7: =IF(G7="","",ABS(P7-Components!$D$5)) | U7: =IF(G7="","",ABS(P7-Components!$D$6)) | V7: =IF(G7="","",ABS(P7-Components!$D$7)) | W7: =IF(G7="","",IF(N7="OK","NONE",INDEX({"S1","S2","W1","W2","N1","N2"},MATCH(MIN(Q7:V7),Q7:V7,0)))) | X7: =IF(G7="","",IF(W7=E7,1,0))
A8: 5 | B8: 17 | C8: R3 | D8: OK | E8: NONE | F8: K005 | G8: 9.84 | J8: =VLOOKUP(C8,Recipes!$A$2:$N$4,10,FALSE()) | K8: =VLOOKUP(C8,Recipes!$A$2:$N$4,12,FALSE()) | L8: =J8-3*K8 | M8: =J8+3*K8 | N8: =IF(G8="","",IF(AND(G8>=L8,G8<=M8),"OK","NG")) | O8: =IF(N8="","",IF(N8=D8,1,0)) | P8: =IF(G8="","",J8-G8) | Q8: =IF(G8="","",ABS(P8-Components!$D$2)) | R8: =IF(G8="","",ABS(P8-Components!$D$3)) | S8: =IF(G8="","",ABS(P8-Components!$D$4)) | T8: =IF(G8="","",ABS(P8-Components!$D$5)) | U8: =IF(G8="","",ABS(P8-Components!$D$6)) | V8: =IF(G8="","",ABS(P8-Components!$D$7)) | W8: =IF(G8="","",IF(N8="OK","NONE",INDEX({"S1","S2","W1","W2","N1","N2"},MATCH(MIN(Q8:V8),Q8:V8,0)))) | X8: =IF(G8="","",IF(W8=E8,1,0))
A9: 5 | B9: 17 | C9: R3 | D9: OK | E9: NONE | F9: K005 | G9: 9.9 | J9: =VLOOKUP(C9,Recipes!$A$2:$N$4,10,FALSE()) | K9: =VLOOKUP(C9,Recipes!$A$2:$N$4,12,FALSE()) | L9: =J9-3*K9 | M9: =J9+3*K9 | N9: =IF(G9="","",IF(AND(G9>=L9,G9<=M9),"OK","NG")) | O9: =IF(N9="","",IF(N9=D9,1,0)) | P9: =IF(G9="","",J9-G9) | Q9: =IF(G9="","",ABS(P9-Components!$D$2)) | R9: =IF(G9="","",ABS(P9-Components!$D$3)) | S9: =IF(G9="","",ABS(P9-Components!$D$4)) | T9: =IF(G9="","",ABS(P9-Components!$D$5)) | U9: =IF(G9="","",ABS(P9-Components!$D$6)) | V9: =IF(G9="","",ABS(P9-Components!$D$7)) | W9: =IF(G9="","",IF(N9="OK","NONE",INDEX({"S1","S2","W1","W2","N1","N2"},MATCH(MIN(Q9:V9),Q9:V9,0)))) | X9: =IF(G9="","",IF(W9=E9,1,0))
A10: 5 | B10: 17 | C10: R3 | D10: OK | E10: NONE | F10: K005 | G10: 9.92 | J10: =VLOOKUP(C10,Recipes!$A$2:$N$4,10,FALSE()) | K10: =VLOOKUP(C10,Recipes!$A$2:$N$4,12,FALSE()) | L10: =J10-3*K10 | M10: =J10+3*K10 | N10: =IF(G10="","",IF(AND(G10>=L10,G10<=M10),"OK","NG")) | O10: =IF(N10="","",IF(N10=D10,1,0)) | P10: =IF(G10="","",J10-G10) | Q10: =IF(G10="","",ABS(P10-Components!$D$2)) | R10: =IF(G10="","",ABS(P10-Components!$D$3)) | S10: =IF(G10="","",ABS(P10-Components!$D$4)) | T10: =IF(G10="","",ABS(P10-Components!$D$5)) | U10: =IF(G10="","",ABS(P10-Components!$D$6)) | V10: =IF(G10="","",ABS(P10-Components!$D$7)) | W10: =IF(G10="","",IF(N10="OK","NONE",INDEX({"S1","S2","W1","W2","N1","N2"},MATCH(MIN(Q10:V10),Q10:V10,0)))) | X10: =IF(G10="","",IF(W10=E10,1,0))
A11: 5 | B11: 17 | C11: R3 | D11: OK | E11: NONE | F11: K005 | G11: 9.95 | J11: =VLOOKUP(C11,Recipes!$A$2:$N$4,10,FALSE()) | K11: =VLOOKUP(C11,Recipes!$A$2:$N$4,12,FALSE()) | L11: =J11-3*K11 | M11: =J11+3*K11 | N11: =IF(G11="","",IF(AND(G11>=L11,G11<=M11),"OK","NG")) | O11: =IF(N11="","",IF(N11=D11,1,0)) | P11: =IF(G11="","",J11-G11) | Q11: =IF(G11="","",ABS(P11-Components!$D$2)) | R11: =IF(G11="","",ABS(P11-Components!$D$3)) | S11: =IF(G11="","",ABS(P11-Components!$D$4)) | T11: =IF(G11="","",ABS(P11-Components!$D$5)) | U11: =IF(G11="","",ABS(P11-Components!$D$6)) | V11: =IF(G11="","",ABS(P11-Components!$D$7)) | W11: =IF(G11="","",IF(N11="OK","NONE",INDEX({"S1","S2","W1","W2","N1","N2"},MATCH(MIN(Q11:V11),Q11:V11,0)))) | X11: =IF(G11="","",IF(W11=E11,1,0))
A12: 5 | B12: 17 | C12: R3 | D12: OK | E12: NONE | F12: K005 | G12: 9.87 | J12: =VLOOKUP(C12,Recipes!$A$2:$N$4,10,FALSE()) | K12: =VLOOKUP(C12,Recipes!$A$2:$N$4,12,FALSE()) | L12: =J12-3*K12 | M12: =J12+3*K12 | N12: =IF(G12="","",IF(AND(G12>=L12,G12<=M12),"OK","NG")) | O12: =IF(N12="","",IF(N12=D12,1,0)) | P12: =IF(G12="","",J12-G12) | Q12: =IF(G12="","",ABS(P12-Components!$D$2)) | R12: =IF(G12="","",ABS(P12-Components!$D$3)) | S12: =IF(G12="","",ABS(P12-Components!$D$4)) | T12: =IF(G12="","",ABS(P12-Components!$D$5)) | U12: =IF(G12="","",ABS(P12-Components!$D$6)) | V12: =IF(G12="","",ABS(P12-Components!$D$7)) | W12: =IF(G12="","",IF(N12="OK","NONE",INDEX({"S1","S2","W1","W2","N1","N2"},MATCH(MIN(Q12:V12),Q12:V12,0)))) | X12: =IF(G12="","",IF(W12=E12,1,0))
A13: 5 | B13: 17 | C13: R3 | D13: OK | E13: NONE | F13: K005 | G13: 9.88 | J13: =VLOOKUP(C13,Recipes!$A$2:$N$4,10,FALSE()) | K13: =VLOOKUP(C13,Recipes!$A$2:$N$4,12,FALSE()) | L13: =J13-3*K13 | M13: =J13+3*K13 | N13: =IF(G13="","",IF(AND(G13>=L13,G13<=M13),"OK","NG")) | O13: =IF(N13="","",IF(N13=D13,1,0)) | P13: =IF(G13="","",J13-G13) | Q13: =IF(G13="","",ABS(P13-Components!$D$2)) | R13: =IF(G13="","",ABS(P13-Components!$D$3)) | S13: =IF(G13="","",ABS(P13-Components!$D$4)) | T13: =IF(G13="","",ABS(P13-Components!$D$5)) | U13: =IF(G13="","",ABS(P13-Components!$D$6)) | V13: =IF(G13="","",ABS(P13-Components!$D$7)) | W13: =IF(G13="","",IF(N13="OK","NONE",INDEX({"S1","S2","W1","W2","N1","N2"},MATCH(MIN(Q13:V13),Q13:V13,0)))) | X13: =IF(G13="","",IF(W13=E13,1,0))
A14: 5 | B14: 17 | C14: R3 | D14: OK | E14: NONE | F14: K005 | G14: 9.91 | J14: =VLOOKUP(C14,Recipes!$A$2:$N$4,10,FALSE()) | K14: =VLOOKUP(C14,Recipes!$A$2:$N$4,12,FALSE()) | L14: =J14-3*K14 | M14: =J14+3*K14 | N14: =IF(G14="","",IF(AND(G14>=L14,G14<=M14),"OK","NG")) | O14: =IF(N14="","",IF(N14=D14,1,0)) | P14: =IF(G14="","",J14-G14) | Q14: =IF(G14="","",ABS(P14-Components!$D$2)) | R14: =IF(G14="","",ABS(P14-Components!$D$3)) | S14: =IF(G14="","",ABS(P14-Components!$D$4)) | T14: =IF(G14="","",ABS(P14-Components!$D$5)) | U14: =IF(G14="","",ABS(P14-Components!$D$6)) | V14: =IF(G14="","",ABS(P14-Components!$D$7)) | W14: =IF(G14="","",IF(N14="OK","NONE",INDEX({"S1","S2","W1","W2","N1","N2"},MATCH(MIN(Q14:V14),Q14:V14,0)))) | X14: =IF(G14="","",IF(W14=E14,1,0))
... A156: 29 | B156: 52 | C156: R4 | D156: NG | E156: S1 | F156: K029 | G156: 6.12 | J156: =VLOOKUP(C156,Recipes!$A$2:$N$4,10,FALSE()) | K156: =VLOOKUP(C156,Recipes!$A$2:$N$4,12,FALSE()) | L156: =J156-3*K156 | M156: =J156+3*K156 | N156: =IF(G156="","",IF(AND(G156>=L156,G156<=M156),"OK","NG")) | O156: =IF(N156="","",IF(N156=D156,1,0)) | P156: =IF(G156="","",J156-G156) | Q156: =IF(G156="","",ABS(P156-Components!$D$2)) | R156: =IF(G156="","",ABS(P156-Components!$D$3)) | S156: =IF(G156="","",ABS(P156-Components!$D$4)) | T156: =IF(G156="","",ABS(P156-Components!$D$5)) | U156: =IF(G156="","",ABS(P156-Components!$D$6)) | V156: =IF(G156="","",ABS(P156-Components!$D$7)) | W156: =IF(G156="","",IF(N156="OK","NONE",INDEX({"S1","S2","W1","W2","N1","N2"},MATCH(MIN(Q156:V156),Q156:V156,0)))) | X156: =IF(G156="","",IF(W156=E156,1,0))
A157: 41 | B157: 7 | C157: R4 | D157: NG | E157: S1 | F157: K041 | G157: 6.16 | J157: =VLOOKUP(C155,Recipes!$A$2:$N$4,10,FALSE()) | K157: =VLOOKUP(C157,Recipes!$A$2:$N$4,12,FALSE()) | L157: =J157-3*K157 | M157: =J157+3*K157 | N157: =IF(G157="","",IF(AND(G157>=L157,G157<=M157),"OK","NG")) | O157: =IF(N157="","",IF(N157=D157,1,0)) | P157: =IF(G157="","",J157-G157) | Q157: =IF(G157="","",ABS(P157-Components!$D$2)) | R157: =IF(G157="","",ABS(P157-Components!$D$3)) | S157: =IF(G157="","",ABS(P157-Components!$D$3)) | T157: =IF(G157="","",ABS(P157-Components!$D$5)) | U157: =IF(G157="","",ABS(P157-Components!$D$6)) | V157: =IF(G157="","",ABS(P157-Components!$D$7)) | W157: =IF(G157="","",IF(N157="OK","NONE",INDEX({"S1","S2","W1","W2","N1","N2"},MATCH(MIN(Q157:V157),Q157:V157,0)))) | X157: =IF(G157="","",IF(W157=E157,1,0))
A158: 39.8 | B158: 26.7 | C158: R4 | D158: NG | E158: S1 | F158: K026 | G158: 6.19 | J158: =VLOOKUP(C158,Recipes!$A$2:$N$4,10,FALSE()) | K158: =VLOOKUP(C158,Recipes!$A$2:$N$4,12,FALSE()) | L158: =J158-3*K158 | M158: =J158+3*K158 | N158: =IF(G158="","",IF(AND(G158>=L158,G158<=M158),"OK","NG")) | O158: =IF(N158="","",IF(N158=D158,1,0)) | P158: =IF(G158="","",J158-G158) | Q158: =IF(G158="","",ABS(P158-Components!$D$2)) | R158: =IF(G158="","",ABS(P158-Components!$D$3)) | S158: =IF(G158="","",ABS(P158-Components!$D$4)) | T158: =IF(G158="","",ABS(P158-Components!$D$5)) | U158: =IF(G158="","",ABS(P158-Components!$D$6)) | V158: =IF(G158="","",ABS(P158-Components!$D$7)) | W158: =IF(G158="","",IF(N158="OK","NONE",INDEX({"S1","S2","W1","W2","N1","N2"},MATCH(MIN(Q158:V158),Q158:V158,0)))) | X158: =IF(G158="","",IF(W158=E158,1,0))
A159: 43 | B159: 28.2 | C159: R4 | D159: NG | E159: S1 | F159: K027 | G159: 6.18 | J159: =VLOOKUP(C159,Recipes!$A$2:$N$4,10,FALSE()) | K159: =VLOOKUP(C159,Recipes!$A$2:$N$4,12,FALSE()) | L159: =J159-3*K159 | M159: =J159+3*K159 | N159: =IF(G159="","",IF(AND(G159>=L159,G159<=M159),"OK","NG")) | O159: =IF(N159="","",IF(N159=D159,1,0)) | P159: =IF(G159="","",J159-G159) | Q159: =IF(G159="","",ABS(P159-Components!$D$2)) | R159: =IF(G159="","",ABS(P159-Components!$D$3)) | S159: =IF(G159="","",ABS(P159-Components!$D$4)) | T159: =IF(G159="","",ABS(P159-Components!$D$5)) | U159: =IF(G159="","",ABS(P159-Components!$D$6)) | V159: =IF(G159="","",ABS(P159-Components!$D$7)) | W159: =IF(G159="","",IF(N159="OK","NONE",INDEX({"S1","S2","W1","W2","N1","N2"},MATCH(MIN(Q159:V159),Q159:V159,0)))) | X159: =IF(G159="","",IF(W159=E159,1,0))
A160: 46.2 | B160: 29.7 | C160: R4 | D160: NG | E160: S1 | F160: K028 | G160: 6.13 | J160: =VLOOKUP(C160,Recipes!$A$2:$N$4,10,FALSE()) | K160: =VLOOKUP(C160,Recipes!$A$2:$N$4,12,FALSE()) | L160: =J160-3*K160 | M160: =J160+3*K160 | N160: =IF(G160="","",IF(AND(G160>=L160,G160<=M160),"OK","NG")) | O160: =IF(N160="","",IF(N160=D160,1,0)) | P160: =IF(G160="","",J160-G160) | Q160: =IF(G160="","",ABS(P160-Components!$D$2)) | R160: =IF(G160="","",ABS(P160-Components!$D$3)) | S160: =IF(G160="","",ABS(P160-Components!$D$4)) | T160: =IF(G160="","",ABS(P160-Components!$D$5)) | U160: =IF(G160="","",ABS(P160-Components!$D$6)) | V160: =IF(G160="","",ABS(P160-Components!$D$7)) | W160: =IF(G160="","",IF(N160="OK","NONE",INDEX({"S1","S2","W1","W2","N1","N2"},MATCH(MIN(Q160:V160),Q160:V160,0)))) | X160: =IF(G160="","",IF(W160=E160,1,0))
A161: 49.4 | B161: 31.2 | C161: R4 | D161: NG | E161: S1 | F161: K029 | G161: 6.22 | J161: =VLOOKUP(C161,Recipes!$A$2:$N$4,10,FALSE()) | K161: =VLOOKUP(C161,Recipes!$A$2:$N$4,12,FALSE()) | L161: =J161-3*K161 | M161: =J161+3*K161 | N161: =IF(G161="","",IF(AND(G161>=L161,G161<=M161),"OK","NG")) | O161: =IF(N161="","",IF(N161=D161,1,0)) | P161: =IF(G161="","",J161-G161) | Q161: =IF(G161="","",ABS(P161-Components!$D$2)) | R161: =IF(G161="","",ABS(P161-Components!$D$3)) | S161: =IF(G161="","",ABS(P161-Components!$D$4)) | T161: =IF(G161="","",ABS(P161-Components!$D$5)) | U161: =IF(G161="","",ABS(P161-Components!$D$6)) | V161: =IF(G161="","",ABS(P161-Components!$D$7)) | W161: =IF(G161="","",IF(N161="OK","NONE",INDEX({"S1","S2","W1","W2","N1","N2"},MATCH(MIN(Q161:V161),Q161:V161,0)))) | X161: =IF(G161="","",IF(W161=E161,1,0))
A162: 52.6 | B162: 32.7 | C162: R4 | D162: NG | E162: S1 | F162: K041 | G162: 6.17 | J162: =VLOOKUP(C162,Recipes!$A$2:$N$4,10,FALSE()) | K162: =VLOOKUP(C162,Recipes!$A$2:$N$4,12,FALSE()) | L162: =J162-3*K162 | M162: =J162+3*K162 | N162: =IF(G162="","",IF(AND(G162>=L162,G162<=M162),"OK","NG")) | O162: =IF(N162="","",IF(N162=D162,1,0)) | P162: =IF(G162="","",J162-G162) | Q162: =IF(G162="","",ABS(P162-Components!$D$2)) | R162: =IF(G162="","",ABS(P162-Components!$D$3)) | S162: =IF(G162="","",ABS(P162-Components!$D$4)) | T162: =IF(G162="","",ABS(P162-Components!$D$5)) | U162: =IF(G162="","",ABS(P162-Components!$D$6)) | V162: =IF(G162="","",ABS(P162-Components!$D$7)) | W162: =IF(G162="","",IF(N162="OK","NONE",INDEX({"S1","S2","W1","W2","N1","N2"},MATCH(MIN(Q162:V162),Q162:V162,0)))) | X162: =IF(G162="","",IF(W162=E162,1,0))
A163: 55.8 | B163: 34.2 | C163: R4 | D163: NG | E163: S1 | F163: K026 | G163: 6.16 | J163: =VLOOKUP(C163,Recipes!$A$2:$N$4,10,FALSE()) | K163: =VLOOKUP(C163,Recipes!$A$2:$N$4,12,FALSE()) | L163: =J163-3*K163 | M163: =J163+3*K163 | N163: =IF(G163="","",IF(AND(G163>=L163,G163<=M163),"OK","NG")) | O163: =IF(N163="","",IF(N163=D163,1,0)) | P163: =IF(G163="","",J163-G163) | Q163: =IF(G163="","",ABS(P163-Components!$D$2)) | R163: =IF(G163="","",ABS(P163-Components!$D$3)) | S163: =IF(G163="","",ABS(P163-Components!$D$4)) | T163: =IF(G163="","",ABS(P163-Components!$D$5)) | U163: =IF(G163="","",ABS(P163-Components!$D$6)) | V163: =IF(G163="","",ABS(P163-Components!$D$7)) | W163: =IF(G163="","",IF(N163="OK","NONE",INDEX({"S1","S2","W1","W2","N1","N2"},MATCH(MIN(Q163:V163),Q163:V163,0)))) | X163: =IF(G163="","",IF(W163=E163,1,0))
A164: 59 | B164: 35.7 | C164: R4 | D164: NG | E164: S1 | F164: K027 | G164: 6.17 | J164: =VLOOKUP(C164,Recipes!$A$2:$N$4,10,FALSE()) | K164: =VLOOKUP(C164,Recipes!$A$2:$N$4,12,FALSE()) | L164: =J164-3*K164 | M164: =J164+3*K164 | N164: =IF(G164="","",IF(AND(G164>=L164,G164<=M164),"OK","NG")) | O164: =IF(N164="","",IF(N164=D164,1,0)) | P164: =IF(G164="","",J164-G164) | Q164: =IF(G164="","",ABS(P164-Components!$D$2)) | R164: =IF(G164="","",ABS(P164-Components!$D$3)) | S164: =IF(G164="","",ABS(P164-Components!$D$4)) | T164: =IF(G164="","",ABS(P164-Components!$D$5)) | U164: =IF(G164="","",ABS(P164-Components!$D$6)) | V164: =IF(G164="","",ABS(P164-Components!$D$7)) | W164: =IF(G164="","",IF(N164="OK","NONE",INDEX({"S1","S2","W1","W2","N1","N2"},MATCH(MIN(Q164:V164),Q164:V164,0)))) | X164: =IF(G164="","",IF(W164=E164,1,0))
A165: 62.2 | B165: 37.2 | C165: R4 | D165: NG | E165: S1 | F165: K028 | G165: 6.14 | J165: =VLOOKUP(C165,Recipes!$A$2:$N$4,10,FALSE()) | K165: =VLOOKUP(C165,Recipes!$A$2:$N$4,12,FALSE()) | L165: =J165-3*K165 | M165: =J165+3*K165 | N165: =IF(G165="","",IF(AND(G165>=L165,G165<=M165),"OK","NG")) | O165: =IF(N165="","",IF(N165=D165,1,0)) | P165: =IF(G165="","",J165-G165) | Q165: =IF(G165="","",ABS(P165-Components!$D$2)) | R165: =IF(G165="","",ABS(P165-Components!$D$3)) | S165: =IF(G165="","",ABS(P165-Components!$D$4)) | T165: =IF(G165="","",ABS(P165-Components!$D$5)) | U165: =IF(G165="","",ABS(P165-Components!$D$6)) | V165: =IF(G165="","",ABS(P165-Components!$D$7)) | W165: =IF(G165="","",IF(N165="OK","NONE",INDEX({"S1","S2","W1","W2","N1","N2"},MATCH(MIN(Q165:V165),Q165:V165,0)))) | X165: =IF(G165="","",IF(W165=E165,1,0))
A166: 65.4 | B166: 38.7 | C166: R4 | D166: NG | E166: S1 | F166: K029 | G166: 6.2 | J166: =VLOOKUP(C166,Recipes!$A$2:$N$4,10,FALSE()) | K166: =VLOOKUP(C166,Recipes!$A$2:$N$4,12,FALSE()) | L166: =J166-3*K166 | M166: =J166+3*K166 | N166: =IF(G166="","",IF(AND(G166>=L166,G166<=M166),"OK","NG")) | O166: =IF(N166="","",IF(N166=D166,1,0)) | P166: =IF(G166="","",J166-G166) | Q166: =IF(G166="","",ABS(P166-Components!$D$2)) | R166: =IF(G166="","",ABS(P166-Components!$D$3)) | S166: =IF(G166="","",ABS(P166-Components!$D$4)) | T166: =IF(G166="","",ABS(P166-Components!$D$5)) | U166: =IF(G166="","",ABS(P166-Components!$D$6)) | V166: =IF(G166="","",ABS(P166-Components!$D$7)) | W166: =IF(G166="","",IF(N166="OK","NONE",INDEX({"S1","S2","W1","W2","N1","N2"},MATCH(MIN(Q166:V166),Q166:V166,0)))) | X166: =IF(G166="","",IF(W166=E166,1,0))
A167: 68.6 | B167: 40.2 | C167: R4 | D167: NG | E167: S1 | F167: K041 | G167: 6.19 | J167: =VLOOKUP(C167,Recipes!$A$2:$N$4,10,FALSE()) | K167: =VLOOKUP(C167,Recipes!$A$2:$N$4,12,FALSE()) | L167: =J167-3*K167 | M167: =J167+3*K167 | N167: =IF(G167="","",IF(AND(G167>=L167,G167<=M167),"OK","NG")) | O167: =IF(N167="","",IF(N167=D167,1,0)) | P167: =IF(G167="","",J167-G167) | Q167: =IF(G167="","",ABS(P167-Components!$D$2)) | R167: =IF(G167="","",ABS(P167-Components!$D$3)) | S167: =IF(G167="","",ABS(P167-Components!$D$4)) | T167: =IF(G167="","",ABS(P167-Components!$D$5)) | U167: =IF(G167="","",ABS(P167-Components!$D$6)) | V167: =IF(G167="","",ABS(P167-Components!$D$7)) | W167: =IF(G167="","",IF(N167="OK","NONE",INDEX({"S1","S2","W1","W2","N1","N2"},MATCH(MIN(Q167:V167),Q167:V167,0)))) | X167: =IF(G167="","",IF(W167=E167,1,0))
A168: 71.8 | B168: 41.7 | C168: R4 | D168: NG | E168: S1 | F168: K026 | G168: 6.19 | J168: =VLOOKUP(C168,Recipes!$A$2:$N$4,10,FALSE()) | K168: =VLOOKUP(C168,Recipes!$A$2:$N$4,12,FALSE()) | L168: =J168-3*K168 | M168: =J168+3*K168 | N168: =IF(G168="","",IF(AND(G168>=L168,G168<=M168),"OK","NG")) | O168: =IF(N168="","",IF(N168=D168,1,0)) | P168: =IF(G168="","",J168-G168) | Q168: =IF(G168="","",ABS(P168-Components!$D$2)) | R168: =IF(G168="","",ABS(P168-Components!$D$3)) | S168: =IF(G168="","",ABS(P168-Components!$D$4)) | T168: =IF(G168="","",ABS(P168-Components!$D$5)) | U168: =IF(G168="","",ABS(P168-Components!$D$6)) | V168: =IF(G168="","",ABS(P168-Components!$D$7)) | W168: =IF(G168="","",IF(N168="OK","NONE",INDEX({"S1","S2","W1","W2","N1","N2"},MATCH(MIN(Q168:V168),Q168:V168,0)))) | X168: =IF(G168="","",IF(W168=E168,1,0))
A169: 75 | B169: 43.2 | C169: R4 | D169: NG | E169: S1 | F169: K027 | G169: 6.13 | J169: =VLOOKUP(C169,Recipes!$A$2:$N$4,10,FALSE()) | K169: =VLOOKUP(C169,Recipes!$A$2:$N$4,12,FALSE()) | L169: =J169-3*K169 | M169: =J169+3*K169 | N169: =IF(G169="","",IF(AND(G169>=L169,G169<=M169),"OK","NG")) | O169: =IF(N169="","",IF(N169=D169,1,0)) | P169: =IF(G169="","",J169-G169) | Q169: =IF(G169="","",ABS(P169-Components!$D$2)) | R169: =IF(G169="","",ABS(P169-Components!$D$3)) | S169: =IF(G169="","",ABS(P169-Components!$D$4)) | T169: =IF(G169="","",ABS(P169-Components!$D$5)) | U169: =IF(G169="","",ABS(P169-Components!$D$6)) | V169: =IF(G169="","",ABS(P169-Components!$D$7)) | W169: =IF(G169="","",IF(N169="OK","NONE",INDEX({"S1","S2","W1","W2","N1","N2"},MATCH(MIN(Q169:V169),Q169:V169,0)))) | X169: =IF(G169="","",IF(W169=E169,1,0))
... A300: 43 | B300: 38 | C300: R6 | D300: OK | E300: NONE | F300: K043 | G300: 8.63 | J300: =VLOOKUP(C300,Recipes!$A$2:$N$4,10,FALSE()) | K300: =VLOOKUP(C300,Recipes!$A$2:$N$4,12,FALSE()) | L300: =J300-3*K300 | M300: =J300+3*K300 | N300: =IF(G300="","",IF(AND(G300>=L300,G300<=M300),"OK","NG")) | O300: =IF(N300="","",IF(N300=D300,1,0)) | P300: =IF(G300="","",J300-G300) | Q300: =IF(G300="","",ABS(P300-Components!$D$2)) | R300: =IF(G300="","",ABS(P300-Components!$D$3)) | S300: =IF(G300="","",ABS(P300-Components!$D$4)) | T300: =IF(G300="","",ABS(P300-Components!$D$5)) | U300: =IF(G300="","",ABS(P300-Components!$D$6)) | V300: =IF(G300="","",ABS(P300-Components!$D$7)) | W300: =IF(G300="","",IF(N300="OK","NONE",INDEX({"S1","S2","W1","W2","N1","N2"},MATCH(MIN(Q300:V300),Q300:V300,0)))) | X300: =IF(G300="","",IF(W300=E300,1,0))
C301: R6 | D301: OK | E301: NONE | G301: 8.62 | J301: =VLOOKUP(C301,Recipes!$A$2:$N$4,10,FALSE()) | K301: =VLOOKUP(C301,Recipes!$A$2:$N$4,12,FALSE()) | L301: =J301-3*K301 | M301: =J301+3*K301 | N301: =IF(G301="","",IF(AND(G301>=L301,G301<=M301),"OK","NG")) | O301: =IF(N301="","",IF(N301=D301,1,0)) | P301: =IF(G301="","",J301-G301) | Q301: =IF(G301="","",ABS(P301-Components!$D$2)) | R301: =IF(G301="","",ABS(P301-Components!$D$3)) | S301: =IF(G301="","",ABS(P301-Components!$D$4)) | T301: =IF(G301="","",ABS(P301-Components!$D$5)) | U301: =IF(G301="","",ABS(P301-Components!$D$6)) | V301: =IF(G301="","",ABS(P301-Components!$D$7)) | W301: =IF(G301="","",IF(N301="OK","NONE",INDEX({"S1","S2","W1","W2","N1","N2"},MATCH(MIN(Q301:V301),Q301:V301,0)))) | X301: =IF(G301="","",IF(W301=E301,1,0))
C302: R6 | D302: OK | E302: NONE | G302: 8.58 | J302: =VLOOKUP(C302,Recipes!$A$2:$N$4,10,FALSE()) | K302: =VLOOKUP(C302,Recipes!$A$2:$N$4,12,FALSE()) | L302: =J302-3*K302 | M302: =J302+3*K302 | N302: =IF(G302="","",IF(AND(G302>=L302,G302<=M302),"OK","NG")) | O302: =IF(N302="","",IF(N302=D302,1,0)) | P302: =IF(G302="","",J302-G302) | Q302: =IF(G302="","",ABS(P302-Components!$D$2)) | R302: =IF(G302="","",ABS(P302-Components!$D$3)) | S302: =IF(G302="","",ABS(P302-Components!$D$4)) | T302: =IF(G302="","",ABS(P302-Components!$D$5)) | U302: =IF(G302="","",ABS(P302-Components!$D$6)) | V302: =IF(G302="","",ABS(P302-Components!$D$7)) | W302: =IF(G302="","",IF(N302="OK","NONE",INDEX({"S1","S2","W1","W2","N1","N2"},MATCH(MIN(Q302:V302),Q302:V302,0)))) | X302: =IF(G302="","",IF(W302=E302,1,0))
A303: 44 | B303: 6 | C303: R6 | D303: NG | E303: S1 | F303: K044 | G303: 5.89 | J303: =VLOOKUP(C303,Recipes!$A$2:$N$4,10,FALSE()) | K303: =VLOOKUP(C303,Recipes!$A$2:$N$4,12,FALSE()) | L303: =J303-3*K303 | M303: =J303+3*K303 | N303: =IF(G303="","",IF(AND(G303>=L303,G303<=M303),"OK","NG")) | O303: =IF(N303="","",IF(N303=D303,1,0)) | P303: =IF(G303="","",J303-G303) | Q303: =IF(G303="","",ABS(P303-Components!$D$2)) | R303: =IF(G303="","",ABS(P303-Components!$D$3)) | S303: =IF(G303="","",ABS(P303-Components!$D$4)) | T303: =IF(G303="","",ABS(P303-Components!$D$5)) | U303: =IF(G303="","",ABS(P303-Components!$D$6)) | V303: =IF(G303="","",ABS(P303-Components!$D$7)) | W303: =IF(G303="","",IF(N303="OK","NONE",INDEX({"S1","S2","W1","W2","N1","N2"},MATCH(MIN(Q303:V303),Q303:V303,0)))) | X303: =IF(G303="","",IF(W303=E303,1,0))
A304: 44 | B304: 6 | C304: R6 | D304: NG | E304: S1 | F304: K044 | G304: 5.89 | J304: =VLOOKUP(C304,Recipes!$A$2:$N$4,10,FALSE()) | K304: =VLOOKUP(C304,Recipes!$A$2:$N$4,12,FALSE()) | L304: =J304-3*K304 | M304: =J304+3*K304 | N304: =IF(G304="","",IF(AND(G304>=L304,G304<=M304),"OK","NG")) | O304: =IF(N304="","",IF(N304=D304,1,0)) | P304: =IF(G304="","",J304-G304) | Q304: =IF(G304="","",ABS(P304-Components!$D$2)) | R304: =IF(G304="","",ABS(P304-Components!$D$3)) | S304: =IF(G304="","",ABS(P304-Components!$D$4)) | T304: =IF(G304="","",ABS(P304-Components!$D$5)) | U304: =IF(G304="","",ABS(P304-Components!$D$6)) | V304: =IF(G304="","",ABS(P304-Components!$D$7)) | W304: =IF(G304="","",IF(N304="OK","NONE",INDEX({"S1","S2","W1","W2","N1","N2"},MATCH(MIN(Q304:V304),Q304:V304,0)))) | X304: =IF(G304="","",IF(W304=E304,1,0))
A305: 44 | B305: 6 | C305: R6 | D305: NG | E305: S1 | F305: K044 | G305: 5.9 | J305: =VLOOKUP(C305,Recipes!$A$2:$N$4,10,FALSE()) | K305: =VLOOKUP(C305,Recipes!$A$2:$N$4,12,FALSE()) | L305: =J305-3*K305 | M305: =J305+3*K305 | N305: =IF(G305="","",IF(AND(G305>=L305,G305<=M305),"OK","NG")) | O305: =IF(N305="","",IF(N305=D305,1,0)) | P305: =IF(G305="","",J305-G305) | Q305: =IF(G305="","",ABS(P305-Components!$D$2)) | R305: =IF(G305="","",ABS(P305-Components!$D$3)) | S305: =IF(G305="","",ABS(P305-Components!$D$4)) | T305: =IF(G305="","",ABS(P305-Components!$D$5)) | U305: =IF(G305="","",ABS(P305-Components!$D$6)) | V305: =IF(G305="","",ABS(P305-Components!$D$7)) | W305: =IF(G305="","",IF(N305="OK","NONE",INDEX({"S1","S2","W1","W2","N1","N2"},MATCH(MIN(Q305:V305),Q305:V305,0)))) | X305: =IF(G305="","",IF(W305=E305,1,0))
A306: 44 | B306: 6 | C306: R6 | D306: NG | E306: S1 | F306: K044 | G306: 5.88 | J306: =VLOOKUP(C306,Recipes!$A$2:$N$4,10,FALSE()) | K306: =VLOOKUP(C306,Recipes!$A$2:$N$4,12,FALSE()) | L306: =J306-3*K306 | M306: =J306+3*K306 | N306: =IF(G306="","",IF(AND(G306>=L306,G306<=M306),"OK","NG")) | O306: =IF(N306="","",IF(N306=D306,1,0)) | P306: =IF(G306="","",J306-G306) | Q306: =IF(G306="","",ABS(P306-Components!$D$2)) | R306: =IF(G306="","",ABS(P306-Components!$D$3)) | S306: =IF(G306="","",ABS(P306-Components!$D$4)) | T306: =IF(G306="","",ABS(P306-Components!$D$5)) | U306: =IF(G306="","",ABS(P306-Components!$D$6)) | V306: =IF(G306="","",ABS(P306-Components!$D$7)) | W306: =IF(G306="","",IF(N306="OK","NONE",INDEX({"S1","S2","W1","W2","N1","N2"},MATCH(MIN(Q306:V306),Q306:V306,0)))) | X306: =IF(G306="","",IF(W306=E306,1,0))
A307: 44 | B307: 6 | C307: R6 | D307: NG | E307: S1 | F307: K044 | G307: 5.91 | J307: =VLOOKUP(C307,Recipes!$A$2:$N$4,10,FALSE()) | K307: =VLOOKUP(C307,Recipes!$A$2:$N$4,12,FALSE()) | L307: =J307-3*K307 | M307: =J307+3*K307 | N307: =IF(G307="","",IF(AND(G307>=L307,G307<=M307),"OK","NG")) | O307: =IF(N307="","",IF(N307=D307,1,0)) | P307: =IF(G307="","",J307-G307) | Q307: =IF(G307="","",ABS(P307-Components!$D$2)) | R307: =IF(G307="","",ABS(P307-Components!$D$3)) | S307: =IF(G307="","",ABS(P307-Components!$D$4)) | T307: =IF(G307="","",ABS(P307-Components!$D$5)) | U307: =IF(G307="","",ABS(P307-Components!$D$6)) | V307: =IF(G307="","",ABS(P307-Components!$D$7)) | W307: =IF(G307="","",IF(N307="OK","NONE",INDEX({"S1","S2","W1","W2","N1","N2"},MATCH(MIN(Q307:V307),Q307:V307,0)))) | X307: =IF(G307="","",IF(W307=E307,1,0))
A308: 44 | B308: 6 | C308: R6 | D308: NG | E308: S1 | F308: K044 | G308: 5.86 | J308: =VLOOKUP(C308,Recipes!$A$2:$N$4,10,FALSE()) | K308: =VLOOKUP(C308,Recipes!$A$2:$N$4,12,FALSE()) | L308: =J308-3*K308 | M308: =J308+3*K308 | N308: =IF(G308="","",IF(AND(G308>=L308,G308<=M308),"OK","NG")) | O308: =IF(N308="","",IF(N308=D308,1,0)) | P308: =IF(G308="","",J308-G308) | Q308: =IF(G308="","",ABS(P308-Components!$D$2)) | R308: =IF(G308="","",ABS(P308-Components!$D$3)) | S308: =IF(G308="","",ABS(P308-Components!$D$4)) | T308: =IF(G308="","",ABS(P308-Components!$D$5)) | U308: =IF(G308="","",ABS(P308-Components!$D$6)) | V308: =IF(G308="","",ABS(P308-Components!$D$7)) | W308: =IF(G308="","",IF(N308="OK","NONE",INDEX({"S1","S2","W1","W2","N1","N2"},MATCH(MIN(Q308:V308),Q308:V308,0)))) | X308: =IF(G308="","",IF(W308=E308,1,0))
A309: 44 | B309: 6 | C309: R6 | D309: NG | E309: S1 | F309: K044 | G309: 5.9 | J309: =VLOOKUP(C309,Recipes!$A$2:$N$4,10,FALSE()) | K309: =VLOOKUP(C309,Recipes!$A$2:$N$4,12,FALSE()) | L309: =J309-3*K309 | M309: =J309+3*K309 | N309: =IF(G309="","",IF(AND(G309>=L309,G309<=M309),"OK","NG")) | O309: =IF(N309="","",IF(N309=D309,1,0)) | P309: =IF(G309="","",J309-G309) | Q309: =IF(G309="","",ABS(P309-Components!$D$2)) | R309: =IF(G309="","",ABS(P309-Components!$D$3)) | S309: =IF(G309="","",ABS(P309-Components!$D$4)) | T309: =IF(G309="","",ABS(P309-Components!$D$5)) | U309: =IF(G309="","",ABS(P309-Components!$D$6)) | V309: =IF(G309="","",ABS(P309-Components!$D$7)) | W309: =IF(G309="","",IF(N309="OK","NONE",INDEX({"S1","S2","W1","W2","N1","N2"},MATCH(MIN(Q309:V309),Q309:V309,0)))) | X309: =IF(G309="","",IF(W309=E309,1,0))
A310: 44 | B310: 6 | C310: R6 | D310: NG | E310: S1 | F310: K044 | G310: 5.8 | J310: =VLOOKUP(C310,Recipes!$A$2:$N$4,10,FALSE()) | K310: =VLOOKUP(C310,Recipes!$A$2:$N$4,12,FALSE()) | L310: =J310-3*K310 | M310: =J310+3*K310 | N310: =IF(G310="","",IF(AND(G310>=L310,G310<=M310),"OK","NG")) | O310: =IF(N310="","",IF(N310=D310,1,0)) | P310: =IF(G310="","",J310-G310) | Q310: =IF(G310="","",ABS(P310-Components!$D$2)) | R310: =IF(G310="","",ABS(P310-Components!$D$3)) | S310: =IF(G310="","",ABS(P310-Components!$D$4)) | T310: =IF(G310="","",ABS(P310-Components!$D$5)) | U310: =IF(G310="","",ABS(P310-Components!$D$6)) | V310: =IF(G310="","",ABS(P310-Components!$D$7)) | W310: =IF(G310="","",IF(N310="OK","NONE",INDEX({"S1","S2","W1","W2","N1","N2"},MATCH(MIN(Q310:V310),Q310:V310,0)))) | X310: =IF(G310="","",IF(W310=E310,1,0))
A311: 44 | B311: 6 | C311: R6 | D311: NG | E311: S1 | F311: K044 | G311: 5.94 | J311: =VLOOKUP(C311,Recipes!$A$2:$N$4,10,FALSE()) | K311: =VLOOKUP(C311,Recipes!$A$2:$N$4,12,FALSE()) | L311: =J311-3*K311 | M311: =J311+3*K311 | N311: =IF(G311="","",IF(AND(G311>=L311,G311<=M311),"OK","NG")) | O311: =IF(N311="","",IF(N311=D311,1,0)) | P311: =IF(G311="","",J311-G311) | Q311: =IF(G311="","",ABS(P311-Components!$D$2)) | R311: =IF(G311="","",ABS(P311-Components!$D$3)) | S311: =IF(G311="","",ABS(P311-Components!$D$4)) | T311: =IF(G311="","",ABS(P311-Components!$D$5)) | U311: =IF(G311="","",ABS(P311-Components!$D$6)) | V311: =IF(G311="","",ABS(P311-Components!$D$7)) | W311: =IF(G311="","",IF(N311="OK","NONE",INDEX({"S1","S2","W1","W2","N1","N2"},MATCH(MIN(Q311:V311),Q311:V311,0)))) | X311: =IF(G311="","",IF(W311=E311,1,0))
A312: 44 | B312: 6 | C312: R6 | D312: NG | E312: S1 | F312: K044 | G312: 5.94 | J312: =VLOOKUP(C312,Recipes!$A$2:$N$4,10,FALSE()) | K312: =VLOOKUP(C312,Recipes!$A$2:$N$4,12,FALSE()) | L312: =J312-3*K312 | M312: =J312+3*K312 | N312: =IF(G312="","",IF(AND(G312>=L312,G312<=M312),"OK","NG")) | O312: =IF(N312="","",IF(N312=D312,1,0)) | P312: =IF(G312="","",J312-G312) | Q312: =IF(G312="","",ABS(P312-Components!$D$2)) | R312: =IF(G312="","",ABS(P312-Components!$D$3)) | S312: =IF(G312="","",ABS(P312-Components!$D$4)) | T312: =IF(G312="","",ABS(P312-Components!$D$5)) | U312: =IF(G312="","",ABS(P312-Components!$D$6)) | V312: =IF(G312="","",ABS(P312-Components!$D$7)) | W312: =IF(G312="","",IF(N312="OK","NONE",INDEX({"S1","S2","W1","W2","N1","N2"},MATCH(MIN(Q312:V312),Q312:V312,0)))) | X312: =IF(G312="","",IF(W312=E312,1,0))
A313: 44 | B313: 6 | C313: R6 | D313: NG | E313: S1 | F313: K044 | G313: 5.87 | J313: =VLOOKUP(C313,Recipes!$A$2:$N$4,10,FALSE()) | K313: =VLOOKUP(C313,Recipes!$A$2:$N$4,12,FALSE()) | L313: =J313-3*K313 | M313: =J313+3*K313 | N313: =IF(G313="","",IF(AND(G313>=L313,G313<=M313),"OK","NG")) | O313: =IF(N313="","",IF(N313=D313,1,0)) | P313: =IF(G313="","",J313-G313) | Q313: =IF(G313="","",ABS(P313-Components!$D$2)) | R313: =IF(G313="","",ABS(P313-Components!$D$3)) | S313: =IF(G313="","",ABS(P313-Components!$D$4)) | T313: =IF(G313="","",ABS(P313-Components!$D$5)) | U313: =IF(G313="","",ABS(P313-Components!$D$6)) | V313: =IF(G313="","",ABS(P313-Components!$D$7)) | W313: =IF(G313="","",IF(N313="OK","NONE",INDEX({"S1","S2","W1","W2","N1","N2"},MATCH(MIN(Q313:V313),Q313:V313,0)))) | X313: =IF(G313="","",IF(W313=E313,1,0))
A314: 44 | B314: 6 | C314: R6 | D314: NG | E314: S1 | F314: K044 | G314: 5.88 | J314: =VLOOKUP(C314,Recipes!$A$2:$N$4,10,FALSE()) | K314: =VLOOKUP(C314,Recipes!$A$2:$N$4,12,FALSE()) | L314: =J314-3*K314 | M314: =J314+3*K314 | N314: =IF(G314="","",IF(AND(G314>=L314,G314<=M314),"OK","NG")) | O314: =IF(N314="","",IF(N314=D314,1,0)) | P314: =IF(G314="","",J314-G314) | Q314: =IF(G314="","",ABS(P314-Components!$D$2)) | R314: =IF(G314="","",ABS(P314-Components!$D$3)) | S314: =IF(G314="","",ABS(P314-Components!$D$4)) | T314: =IF(G314="","",ABS(P314-Components!$D$5)) | U314: =IF(G314="","",ABS(P314-Components!$D$6)) | V314: =IF(G314="","",ABS(P314-Components!$D$7)) | W314: =IF(G314="","",IF(N314="OK","NONE",INDEX({"S1","S2","W1","W2","N1","N2"},MATCH(MIN(Q314:V314),Q314:V314,0)))) | X314: =IF(G314="","",IF(W314=E314,1,0))
... A390: 53 | B390: 18 | C390: R6 | D390: NG | E390: N2 | F390: K051 | G390: 7.23 | J390: =VLOOKUP(C390,Recipes!$A$2:$N$4,10,FALSE()) | K390: =VLOOKUP(C390,Recipes!$A$2:$N$4,12,FALSE()) | L390: =J390-3*K390 | M390: =J390+3*K390 | N390: =IF(G390="","",IF(AND(G390>=L390,G390<=M390),"OK","NG")) | O390: =IF(N390="","",IF(N390=D390,1,0)) | P390: =IF(G390="","",J390-G390) | Q390: =IF(G390="","",ABS(P390-Components!$D$2)) | R390: =IF(G390="","",ABS(P390-Components!$D$3)) | S390: =IF(G390="","",ABS(P390-Components!$D$4)) | T390: =IF(G390="","",ABS(P390-Components!$D$5)) | U390: =IF(G390="","",ABS(P390-Components!$D$6)) | V390: =IF(G390="","",ABS(P390-Components!$D$7)) | W390: =IF(G390="","",IF(N390="OK","NONE",INDEX({"S1","S2","W1","W2","N1","N2"},MATCH(MIN(Q390:V390),Q390:V390,0)))) | X390: =IF(G390="","",IF(W390=E390,1,0))
A391: 54 | C391: R6 | D391: NG | E391: N2 | G391: 7.25 | J391: =VLOOKUP(C391,Recipes!$A$2:$N$4,10,FALSE()) | K391: =VLOOKUP(C391,Recipes!$A$2:$N$4,12,FALSE()) | L391: =J391-3*K391 | M391: =J391+3*K391 | N391: =IF(G391="","",IF(AND(G391>=L391,G391<=M391),"OK","NG")) | O391: =IF(N391="","",IF(N391=D391,1,0)) | P391: =IF(G391="","",J391-G391) | Q391: =IF(G391="","",ABS(P391-Components!$D$2)) | R391: =IF(G391="","",ABS(P391-Components!$D$3)) | S391: =IF(G391="","",ABS(P391-Components!$D$4)) | T391: =IF(G391="","",ABS(P391-Components!$D$5)) | U391: =IF(G391="","",ABS(P391-Components!$D$6)) | V391: =IF(G391="","",ABS(P391-Components!$D$7)) | W391: =IF(G391="","",IF(N391="OK","NONE",INDEX({"S1","S2","W1","W2","N1","N2"},MATCH(MIN(Q391:V391),Q391:V391,0)))) | X391: =IF(G391="","",IF(W391=E391,1,0))
C392: R6 | D392: NG | E392: N2 | G392: 7.2 | J392: =VLOOKUP(C392,Recipes!$A$2:$N$4,10,FALSE()) | K392: =VLOOKUP(C392,Recipes!$A$2:$N$4,12,FALSE()) | L392: =J392-3*K392 | M392: =J392+3*K392 | N392: =IF(G392="","",IF(AND(G392>=L392,G392<=M392),"OK","NG")) | O392: =IF(N392="","",IF(N392=D392,1,0)) | P392: =IF(G392="","",J392-G392) | Q392: =IF(G392="","",ABS(P392-Components!$D$2)) | R392: =IF(G392="","",ABS(P392-Components!$D$3)) | S392: =IF(G392="","",ABS(P392-Components!$D$4)) | T392: =IF(G392="","",ABS(P392-Components!$D$5)) | U392: =IF(G392="","",ABS(P392-Components!$D$6)) | V392: =IF(G392="","",ABS(P392-Components!$D$7)) | W392: =IF(G392="","",IF(N392="OK","NONE",INDEX({"S1","S2","W1","W2","N1","N2"},MATCH(MIN(Q392:V392),Q392:V392,0)))) | X392: =IF(G392="","",IF(W392=E392,1,0))
A393: 52 | B393: 48 | C393: R6 | D393: NG | E393: N1 | F393: K052 | G393: 7.39 | J393: =VLOOKUP(C393,Recipes!$A$2:$N$4,10,FALSE()) | K393: =VLOOKUP(C393,Recipes!$A$2:$N$4,12,FALSE()) | L393: =J393-3*K393 | M393: =J393+3*K393 | N393: =IF(G393="","",IF(AND(G393>=L393,G393<=M393),"OK","NG")) | O393: =IF(N393="","",IF(N393=D393,1,0)) | P393: =IF(G393="","",J393-G393) | Q393: =IF(G393="","",ABS(P393-Components!$D$2)) | R393: =IF(G393="","",ABS(P393-Components!$D$3)) | S393: =IF(G393="","",ABS(P393-Components!$D$4)) | T393: =IF(G393="","",ABS(P393-Components!$D$5)) | U393: =IF(G393="","",ABS(P393-Components!$D$6)) | V393: =IF(G393="","",ABS(P393-Components!$D$7)) | W393: =IF(G393="","",IF(N393="OK","NONE",INDEX({"S1","S2","W1","W2","N1","N2"},MATCH(MIN(Q393:V393),Q393:V393,0)))) | X393: =IF(G393="","",IF(W393=E393,1,0))
A394: 52 | B394: 48 | C394: R6 | D394: NG | E394: N1 | F394: K052 | G394: 7.49 | J394: =VLOOKUP(C394,Recipes!$A$2:$N$4,10,FALSE()) | K394: =VLOOKUP(C394,Recipes!$A$2:$N$4,12,FALSE()) | L394: =J394-3*K394 | M394: =J394+3*K394 | N394: =IF(G394="","",IF(AND(G394>=L394,G394<=M394),"OK","NG")) | O394: =IF(N394="","",IF(N394=D394,1,0)) | P394: =IF(G394="","",J394-G394) | Q394: =IF(G394="","",ABS(P394-Components!$D$2)) | R394: =IF(G394="","",ABS(P394-Components!$D$3)) | S394: =IF(G394="","",ABS(P394-Components!$D$4)) | T394: =IF(G394="","",ABS(P394-Components!$D$5)) | U394: =IF(G394="","",ABS(P394-Components!$D$6)) | V394: =IF(G394="","",ABS(P394-Components!$D$7)) | W394: =IF(G394="","",IF(N394="OK","NONE",INDEX({"S1","S2","W1","W2","N1","N2"},MATCH(MIN(Q394:V394),Q394:V394,0)))) | X394: =IF(G394="","",IF(W394=E394,1,0))
A395: 52 | B395: 48 | C395: R6 | D395: NG | E395: N1 | F395: K052 | G395: 7.43 | J395: =VLOOKUP(C395,Recipes!$A$2:$N$4,10,FALSE()) | K395: =VLOOKUP(C395,Recipes!$A$2:$N$4,12,FALSE()) | L395: =J395-3*K395 | M395: =J395+3*K395 | N395: =IF(G395="","",IF(AND(G395>=L395,G395<=M395),"OK","NG")) | O395: =IF(N395="","",IF(N395=D395,1,0)) | P395: =IF(G395="","",J395-G395) | Q395: =IF(G395="","",ABS(P395-Components!$D$2)) | R395: =IF(G395="","",ABS(P395-Components!$D$3)) | S395: =IF(G395="","",ABS(P395-Components!$D$4)) | T395: =IF(G395="","",ABS(P395-Components!$D$5)) | U395: =IF(G395="","",ABS(P395-Components!$D$6)) | V395: =IF(G395="","",ABS(P395-Components!$D$7)) | W395: =IF(G395="","",IF(N395="OK","NONE",INDEX({"S1","S2","W1","W2","N1","N2"},MATCH(MIN(Q395:V395),Q395:V395,0)))) | X395: =IF(G395="","",IF(W395=E395,1,0))
A396: 52 | B396: 48 | C396: R6 | D396: NG | E396: N1 | F396: K052 | G396: 7.39 | J396: =VLOOKUP(C396,Recipes!$A$2:$N$4,10,FALSE()) | K396: =VLOOKUP(C396,Recipes!$A$2:$N$4,12,FALSE()) | L396: =J396-3*K396 | M396: =J396+3*K396 | N396: =IF(G396="","",IF(AND(G396>=L396,G396<=M396),"OK","NG")) | O396: =IF(N396="","",IF(N396=D396,1,0)) | P396: =IF(G396="","",J396-G396) | Q396: =IF(G396="","",ABS(P396-Components!$D$2)) | R396: =IF(G396="","",ABS(P396-Components!$D$3)) | S396: =IF(G396="","",ABS(P396-Components!$D$4)) | T396: =IF(G396="","",ABS(P396-Components!$D$5)) | U396: =IF(G396="","",ABS(P396-Components!$D$6)) | V396: =IF(G396="","",ABS(P396-Components!$D$7)) | W396: =IF(G396="","",IF(N396="OK","NONE",INDEX({"S1","S2","W1","W2","N1","N2"},MATCH(MIN(Q396:V396),Q396:V396,0)))) | X396: =IF(G396="","",IF(W396=E396,1,0))
A397: 52 | B397: 48 | C397: R6 | D397: NG | E397: N1 | F397: K052 | G397: 7.49 | J397: =VLOOKUP(C397,Recipes!$A$2:$N$4,10,FALSE()) | K397: =VLOOKUP(C397,Recipes!$A$2:$N$4,12,FALSE()) | L397: =J397-3*K397 | M397: =J397+3*K397 | N397: =IF(G397="","",IF(AND(G397>=L397,G397<=M397),"OK","NG")) | O397: =IF(N397="","",IF(N397=D397,1,0)) | P397: =IF(G397="","",J397-G397) | Q397: =IF(G397="","",ABS(P397-Components!$D$2)) | R397: =IF(G397="","",ABS(P397-Components!$D$3)) | S397: =IF(G397="","",ABS(P397-Components!$D$4)) | T397: =IF(G397="","",ABS(P397-Components!$D$5)) | U397: =IF(G397="","",ABS(P397-Components!$D$6)) | V397: =IF(G397="","",ABS(P397-Components!$D$7)) | W397: =IF(G397="","",IF(N397="OK","NONE",INDEX({"S1","S2","W1","W2","N1","N2"},MATCH(MIN(Q397:V397),Q397:V397,0)))) | X397: =IF(G397="","",IF(W397=E397,1,0))
A398: 52 | B398: 48 | C398: R6 | D398: NG | E398: N1 | F398: K052 | G398: 7.48 | J398: =VLOOKUP(C398,Recipes!$A$2:$N$4,10,FALSE()) | K398: =VLOOKUP(C398,Recipes!$A$2:$N$4,12,FALSE()) | L398: =J398-3*K398 | M398: =J398+3*K398 | N398: =IF(G398="","",IF(AND(G398>=L398,G398<=M398),"OK","NG")) | O398: =IF(N398="","",IF(N398=D398,1,0)) | P398: =IF(G398="","",J398-G398) | Q398: =IF(G398="","",ABS(P398-Components!$D$2)) | R398: =IF(G398="","",ABS(P398-Components!$D$3)) | S398: =IF(G398="","",ABS(P398-Components!$D$4)) | T398: =IF(G398="","",ABS(P398-Components!$D$5)) | U398: =IF(G398="","",ABS(P398-Components!$D$6)) | V398: =IF(G398="","",ABS(P398-Components!$D$7)) | W398: =IF(G398="","",IF(N398="OK","NONE",INDEX({"S1","S2","W1","W2","N1","N2"},MATCH(MIN(Q398:V398),Q398:V398,0)))) | X398: =IF(G398="","",IF(W398=E398,1,0))
A399: 52 | B399: 48 | C399: R6 | D399: NG | E399: N1 | F399: K052 | G399: 7.46 | J399: =VLOOKUP(C399,Recipes!$A$2:$N$4,10,FALSE()) | K399: =VLOOKUP(C399,Recipes!$A$2:$N$4,12,FALSE()) | L399: =J399-3*K399 | M399: =J399+3*K399 | N399: =IF(G399="","",IF(AND(G399>=L399,G399<=M399),"OK","NG")) | O399: =IF(N399="","",IF(N399=D399,1,0)) | P399: =IF(G399="","",J399-G399) | Q399: =IF(G399="","",ABS(P399-Components!$D$2)) | R399: =IF(G399="","",ABS(P399-Components!$D$3)) | S399: =IF(G399="","",ABS(P399-Components!$D$4)) | T399: =IF(G399="","",ABS(P399-Components!$D$5)) | U399: =IF(G399="","",ABS(P399-Components!$D$6)) | V399: =IF(G399="","",ABS(P399-Components!$D$7)) | W399: =IF(G399="","",IF(N399="OK","NONE",INDEX({"S1","S2","W1","W2","N1","N2"},MATCH(MIN(Q399:V399),Q399:V399,0)))) | X399: =IF(G399="","",IF(W399=E399,1,0))
A400: 52 | B400: 48 | C400: R6 | D400: NG | E400: N1 | F400: K052 | G400: 7.48 | J400: =VLOOKUP(C400,Recipes!$A$2:$N$4,10,FALSE()) | K400: =VLOOKUP(C400,Recipes!$A$2:$N$4,12,FALSE()) | L400: =J400-3*K400 | M400: =J400+3*K400 | N400: =IF(G400="","",IF(AND(G400>=L400,G400<=M400),"OK","NG")) | O400: =IF(N400="","",IF(N400=D400,1,0)) | P400: =IF(G400="","",J400-G400) | Q400: =IF(G400="","",ABS(P400-Components!$D$2)) | R400: =IF(G400="","",ABS(P400-Components!$D$3)) | S400: =IF(G400="","",ABS(P400-Components!$D$4)) | T400: =IF(G400="","",ABS(P400-Components!$D$5)) | U400: =IF(G400="","",ABS(P400-Components!$D$6)) | V400: =IF(G400="","",ABS(P400-Components!$D$7)) | W400: =IF(G400="","",IF(N400="OK","NONE",INDEX({"S1","S2","W1","W2","N1","N2"},MATCH(MIN(Q400:V400),Q400:V400,0)))) | X400: =IF(G400="","",IF(W400=E400,1,0))
A401: 52 | B401: 48 | C401: R6 | D401: NG | E401: N1 | F401: K052 | G401: 7.45 | J401: =VLOOKUP(C401,Recipes!$A$2:$N$4,10,FALSE()) | K401: =VLOOKUP(C401,Recipes!$A$2:$N$4,12,FALSE()) | L401: =J401-3*K401 | M401: =J401+3*K401 | N401: =IF(G401="","",IF(AND(G401>=L401,G401<=M401),"OK","NG")) | O401: =IF(N401="","",IF(N401=D401,1,0)) | P401: =IF(G401="","",J401-G401) | Q401: =IF(G401="","",ABS(P401-Components!$D$2)) | R401: =IF(G401="","",ABS(P401-Components!$D$3)) | S401: =IF(G401="","",ABS(P401-Components!$D$4)) | T401: =IF(G401="","",ABS(P401-Components!$D$5)) | U401: =IF(G401="","",ABS(P401-Components!$D$6)) | V401: =IF(G401="","",ABS(P401-Components!$D$7)) | W401: =IF(G401="","",IF(N401="OK","NONE",INDEX({"S1","S2","W1","W2","N1","N2"},MATCH(MIN(Q401:V401),Q401:V401,0)))) | X401: =IF(G401="","",IF(W401=E401,1,0))
A402: 52 | B402: 48 | C402: R6 | D402: NG | E402: N1 | F402: K052 | G402: 7.43 | J402: =VLOOKUP(C402,Recipes!$A$2:$N$4,10,FALSE()) | K402: =VLOOKUP(C402,Recipes!$A$2:$N$4,12,FALSE()) | L402: =J402-3*K402 | M402: =J402+3*K402 | N402: =IF(G402="","",IF(AND(G402>=L402,G402<=M402),"OK","NG")) | O402: =IF(N402="","",IF(N402=D402,1,0)) | P402: =IF(G402="","",J402-G402) | Q402: =IF(G402="","",ABS(P402-Components!$D$2)) | R402: =IF(G402="","",ABS(P402-Components!$D$3)) | S402: =IF(G402="","",ABS(P402-Components!$D$4)) | T402: =IF(G402="","",ABS(P402-Components!$D$5)) | U402: =IF(G402="","",ABS(P402-Components!$D$6)) | V402: =IF(G402="","",ABS(P402-Components!$D$7)) | W402: =IF(G402="","",IF(N402="OK","NONE",INDEX({"S1","S2","W1","W2","N1","N2"},MATCH(MIN(Q402:V402),Q402:V402,0)))) | X402: =IF(G402="","",IF(W402=E402,1,0))
A403: 52 | B403: 48 | C403: R6 | D403: NG | E403: N1 | F403: K052 | G403: 7.48 | J403: =VLOOKUP(C403,Recipes!$A$2:$N$4,10,FALSE()) | K403: =VLOOKUP(C403,Recipes!$A$2:$N$4,12,FALSE()) | L403: =J403-3*K403 | M403: =J403+3*K403 | N403: =IF(G403="","",IF(AND(G403>=L403,G403<=M403),"OK","NG")) | O403: =IF(N403="","",IF(N403=D403,1,0)) | P403: =IF(G403="","",J403-G403) | Q403: =IF(G403="","",ABS(P403-Components!$D$2)) | R403: =IF(G403="","",ABS(P403-Components!$D$3)) | S403: =IF(G403="","",ABS(P403-Components!$D$4)) | T403: =IF(G403="","",ABS(P403-Components!$D$5)) | U403: =IF(G403="","",ABS(P403-Components!$D$6)) | V403: =IF(G403="","",ABS(P403-Components!$D$7)) | W403: =IF(G403="","",IF(N403="OK","NONE",INDEX({"S1","S2","W1","W2","N1","N2"},MATCH(MIN(Q403:V403),Q403:V403,0)))) | X403: =IF(G403="","",IF(W403=E403,1,0))
A404: 52 | B404: 48 | C404: R6 | D404: NG | E404: N1 | F404: K052 | G404: 7.46 | J404: =VLOOKUP(C404,Recipes!$A$2:$N$4,10,FALSE()) | K404: =VLOOKUP(C404,Recipes!$A$2:$N$4,12,FALSE()) | L404: =J404-3*K404 | M404: =J404+3*K404 | N404: =IF(G404="","",IF(AND(G404>=L404,G404<=M404),"OK","NG")) | O404: =IF(N404="","",IF(N404=D404,1,0)) | P404: =IF(G404="","",J404-G404) | Q404: =IF(G404="","",ABS(P404-Components!$D$2)) | R404: =IF(G404="","",ABS(P404-Components!$D$3)) | S404: =IF(G404="","",ABS(P404-Components!$D$4)) | T404: =IF(G404="","",ABS(P404-Components!$D$5)) | U404: =IF(G404="","",ABS(P404-Components!$D$6)) | V404: =IF(G404="","",ABS(P404-Components!$D$7)) | W404: =IF(G404="","",IF(N404="OK","NONE",INDEX({"S1","S2","W1","W2","N1","N2"},MATCH(MIN(Q404:V404),Q404:V404,0)))) | X404: =IF(G404="","",IF(W404=E404,1,0))
... A418: 53 | B418: 2 | C418: R6 | D418: NG | E418: N1 | F418: K053 | G418: 7.45 | J418: =VLOOKUP(C418,Recipes!$A$2:$N$4,10,FALSE()) | K418: =VLOOKUP(C418,Recipes!$A$2:$N$4,12,FALSE()) | L418: =J418-3*K418 | M418: =J418+3*K418 | N418: =IF(G418="","",IF(AND(G418>=L418,G418<=M418),"OK","NG")) | O418: =IF(N418="","",IF(N418=D418,1,0)) | P418: =IF(G418="","",J418-G418) | Q418: =IF(G418="","",ABS(P418-Components!$D$2)) | R418: =IF(G418="","",ABS(P418-Components!$D$3)) | S418: =IF(G418="","",ABS(P418-Components!$D$4)) | T418: =IF(G418="","",ABS(P418-Components!$D$5)) | U418: =IF(G418="","",ABS(P418-Components!$D$6)) | V418: =IF(G418="","",ABS(P418-Components!$D$7)) | W418: =IF(G418="","",IF(N418="OK","NONE",INDEX({"S1","S2","W1","W2","N1","N2"},MATCH(MIN(Q418:V418),Q418:V418,0)))) | X418: =IF(G418="","",IF(W418=E418,1,0))
C419: R6 | D419: NG | E419: N1 | G419: 7.44 | J419: =VLOOKUP(C419,Recipes!$A$2:$N$4,10,FALSE()) | K419: =VLOOKUP(C419,Recipes!$A$2:$N$4,12,FALSE()) | L419: =J419-3*K419 | M419: =J419+3*K419 | N419: =IF(G419="","",IF(AND(G419>=L419,G419<=M419),"OK","NG")) | O419: =IF(N419="","",IF(N419=D419,1,0)) | P419: =IF(G419="","",J419-G419) | Q419: =IF(G419="","",ABS(P419-Components!$D$2)) | R419: =IF(G419="","",ABS(P419-Components!$D$3)) | S419: =IF(G419="","",ABS(P419-Components!$D$4)) | T419: =IF(G419="","",ABS(P419-Components!$D$5)) | U419: =IF(G419="","",ABS(P419-Components!$D$6)) | V419: =IF(G419="","",ABS(P419-Components!$D$7)) | W419: =IF(G419="","",IF(N419="OK","NONE",INDEX({"S1","S2","W1","W2","N1","N2"},MATCH(MIN(Q419:V419),Q419:V419,0)))) | X419: =IF(G419="","",IF(W419=E419,1,0))
C420: R6 | D420: NG | E420: N1 | G420: 7.46 | J420: =VLOOKUP(C420,Recipes!$A$2:$N$4,10,FALSE()) | K420: =VLOOKUP(C420,Recipes!$A$2:$N$4,12,FALSE()) | L420: =J420-3*K420 | M420: =J420+3*K420 | N420: =IF(G420="","",IF(AND(G420>=L420,G420<=M420),"OK","NG")) | O420: =IF(N420="","",IF(N420=D420,1,0)) | P420: =IF(G420="","",J420-G420) | Q420: =IF(G420="","",ABS(P420-Components!$D$2)) | R420: =IF(G420="","",ABS(P420-Components!$D$3)) | S420: =IF(G420="","",ABS(P420-Components!$D$4)) | T420: =IF(G420="","",ABS(P420-Components!$D$5)) | U420: =IF(G420="","",ABS(P420-Components!$D$6)) | V420: =IF(G420="","",ABS(P420-Components!$D$7)) | W420: =IF(G420="","",IF(N420="OK","NONE",INDEX({"S1","S2","W1","W2","N1","N2"},MATCH(MIN(Q420:V420),Q420:V420,0)))) | X420: =IF(G420="","",IF(W420=E420,1,0))
A421: 52 | B421: 48 | C421: R6 | D421: NG | E421: N1 | F421: K052 | G421: 7.25 | J421: =VLOOKUP(C421,Recipes!$A$2:$N$4,10,FALSE()) | K421: =VLOOKUP(C421,Recipes!$A$2:$N$4,12,FALSE()) | L421: =J421-3*K421 | M421: =J421+3*K421 | N421: =IF(G421="","",IF(AND(G421>=L421,G421<=M421),"OK","NG")) | O421: =IF(N421="","",IF(N421=D421,1,0)) | P421: =IF(G421="","",J421-G421) | Q421: =IF(G421="","",ABS(P421-Components!$D$2)) | R421: =IF(G421="","",ABS(P421-Components!$D$3)) | S421: =IF(G421="","",ABS(P421-Components!$D$4)) | T421: =IF(G421="","",ABS(P421-Components!$D$5)) | U421: =IF(G421="","",ABS(P421-Components!$D$6)) | V421: =IF(G421="","",ABS(P421-Components!$D$7)) | W421: =IF(G421="","",IF(N421="OK","NONE",INDEX({"S1","S2","W1","W2","N1","N2"},MATCH(MIN(Q421:V421),Q421:V421,0)))) | X421: =IF(G421="","",IF(W421=E421,1,0))
C422: R6 | D422: NG | E422: N1 | G422: 7.47 | J422: =VLOOKUP(C422,Recipes!$A$2:$N$4,10,FALSE()) | K422: =VLOOKUP(C422,Recipes!$A$2:$N$4,12,FALSE()) | L422: =J422-3*K422 | M422: =J422+3*K422 | N422: =IF(G422="","",IF(AND(G422>=L422,G422<=M422),"OK","NG")) | O422: =IF(N422="","",IF(N422=D422,1,0)) | P422: =IF(G422="","",J422-G422) | Q422: =IF(G422="","",ABS(P422-Components!$D$2)) | R422: =IF(G422="","",ABS(P422-Components!$D$3)) | S422: =IF(G422="","",ABS(P422-Components!$D$4)) | T422: =IF(G422="","",ABS(P422-Components!$D$5)) | U422: =IF(G422="","",ABS(P422-Components!$D$6)) | V422: =IF(G422="","",ABS(P422-Components!$D$7)) | W422: =IF(G422="","",IF(N422="OK","NONE",INDEX({"S1","S2","W1","W2","N1","N2"},MATCH(MIN(Q422:V422),Q422:V422,0)))) | X422: =IF(G422="","",IF(W422=E422,1,0))

Sheet Runs 1.0 + 3.5 sigma
A2: run_id | B2: execution_order | C2: recipe | D2: condition | E2: missing_component | F2: kit_id | G2: measured_weight_g | H2: timestamp | I2: notes | J2: expected_weight | K2: expected_std | L2: lower_bound | M2: upper_bound | N2: predicted_OK_NG | O2: L1_correct | P2: deficit | Q2: match_S1 | R2: match_S2 | S2: match_W1 | T2: match_W2 | U2: match_N1 | V2: match_N2 | W2: predicted_missing | X2: L2_correct | Y2: 16 errores
A3: 1 | B3: 31 | C3: R3 | D3: OK | E3: NONE | F3: K001 | G3: 9.91 | J3: =VLOOKUP(C3,Recipes!$A$2:$N$4,10,FALSE()) | K3: =VLOOKUP(C3,Recipes!$A$2:$N$4,12,FALSE()) | L3: =J3-3.5*K3 | M3: =J3+3.5*K3 | N3: =IF(G3="","",IF(AND(G3>=L3,G3<=M3),"OK","NG")) | O3: =IF(N3="","",IF(N3=D3,1,0)) | P3: =IF(G3="","",J3-G3) | Q3: =IF(G3="","",ABS(P3-Components!$D$2)) | R3: =IF(G3="","",ABS(P3-Components!$D$3)) | S3: =IF(G3="","",ABS(P3-Components!$D$4)) | T3: =IF(G3="","",ABS(P3-Components!$D$5)) | U3: =IF(G3="","",ABS(P3-Components!$D$6)) | V3: =IF(G3="","",ABS(P3-Components!$D$7)) | W3: =IF(G3="","",IF(N3="OK","NONE",INDEX({"S1","S2","W1","W2","N1","N2"},MATCH(MIN(Q3:V3),Q3:V3,0)))) | X3: =IF(G3="","",IF(W3=E3,1,0))
A4: 2 | B4: 24 | C4: R3 | D4: OK | E4: NONE | F4: K002 | G4: 10 | J4: =VLOOKUP(C4,Recipes!$A$2:$N$4,10,FALSE()) | K4: =VLOOKUP(C4,Recipes!$A$2:$N$4,12,FALSE()) | L4: =J4-3.5*K4 | M4: =J4+3.5*K4 | N4: =IF(G4="","",IF(AND(G4>=L4,G4<=M4),"OK","NG")) | O4: =IF(N4="","",IF(N4=D4,1,0)) | P4: =IF(G4="","",J4-G4) | Q4: =IF(G4="","",ABS(P4-Components!$D$2)) | R4: =IF(G4="","",ABS(P4-Components!$D$3)) | S4: =IF(G4="","",ABS(P4-Components!$D$4)) | T4: =IF(G4="","",ABS(P4-Components!$D$5)) | U4: =IF(G4="","",ABS(P4-Components!$D$6)) | V4: =IF(G4="","",ABS(P4-Components!$D$7)) | W4: =IF(G4="","",IF(N4="OK","NONE",INDEX({"S1","S2","W1","W2","N1","N2"},MATCH(MIN(Q4:V4),Q4:V4,0)))) | X4: =IF(G4="","",IF(W4=E4,1,0))
A5: 3 | B5: 50 | C5: R3 | D5: OK | E5: NONE | F5: K003 | G5: 10 | J5: =VLOOKUP(C5,Recipes!$A$2:$N$4,10,FALSE()) | K5: =VLOOKUP(C5,Recipes!$A$2:$N$4,12,FALSE()) | L5: =J5-3.5*K5 | M5: =J5+3.5*K5 | N5: =IF(G5="","",IF(AND(G5>=L5,G5<=M5),"OK","NG")) | O5: =IF(N5="","",IF(N5=D5,1,0)) | P5: =IF(G5="","",J5-G5) | Q5: =IF(G5="","",ABS(P5-Components!$D$2)) | R5: =IF(G5="","",ABS(P5-Components!$D$3)) | S5: =IF(G5="","",ABS(P5-Components!$D$4)) | T5: =IF(G5="","",ABS(P5-Components!$D$5)) | U5: =IF(G5="","",ABS(P5-Components!$D$6)) | V5: =IF(G5="","",ABS(P5-Components!$D$7)) | W5: =IF(G5="","",IF(N5="OK","NONE",INDEX({"S1","S2","W1","W2","N1","N2"},MATCH(MIN(Q5:V5),Q5:V5,0)))) | X5: =IF(G5="","",IF(W5=E5,1,0))
A6: 4 | B6: 12 | C6: R3 | D6: OK | E6: NONE | F6: K004 | G6: 9.91 | J6: =VLOOKUP(C6,Recipes!$A$2:$N$4,10,FALSE()) | K6: =VLOOKUP(C6,Recipes!$A$2:$N$4,12,FALSE()) | L6: =J6-3.5*K6 | M6: =J6+3.5*K6 | N6: =IF(G6="","",IF(AND(G6>=L6,G6<=M6),"OK","NG")) | O6: =IF(N6="","",IF(N6=D6,1,0)) | P6: =IF(G6="","",J6-G6) | Q6: =IF(G6="","",ABS(P6-Components!$D$2)) | R6: =IF(G6="","",ABS(P6-Components!$D$3)) | S6: =IF(G6="","",ABS(P6-Components!$D$4)) | T6: =IF(G6="","",ABS(P6-Components!$D$5)) | U6: =IF(G6="","",ABS(P6-Components!$D$6)) | V6: =IF(G6="","",ABS(P6-Components!$D$7)) | W6: =IF(G6="","",IF(N6="OK","NONE",INDEX({"S1","S2","W1","W2","N1","N2"},MATCH(MIN(Q6:V6),Q6:V6,0)))) | X6: =IF(G6="","",IF(W6=E6,1,0))
A7: 5 | B7: 17 | C7: R3 | D7: OK | E7: NONE | F7: K005 | G7: 10.04 | J7: =VLOOKUP(C7,Recipes!$A$2:$N$4,10,FALSE()) | K7: =VLOOKUP(C7,Recipes!$A$2:$N$4,12,FALSE()) | L7: =J7-3.5*K7 | M7: =J7+3.5*K7 | N7: =IF(G7="","",IF(AND(G7>=L7,G7<=M7),"OK","NG")) | O7: =IF(N7="","",IF(N7=D7,1,0)) | P7: =IF(G7="","",J7-G7) | Q7: =IF(G7="","",ABS(P7-Components!$D$2)) | R7: =IF(G7="","",ABS(P7-Components!$D$3)) | S7: =IF(G7="","",ABS(P7-Components!$D$4)) | T7: =IF(G7="","",ABS(P7-Components!$D$5)) | U7: =IF(G7="","",ABS(P7-Components!$D$6)) | V7: =IF(G7="","",ABS(P7-Components!$D$7)) | W7: =IF(G7="","",IF(N7="OK","NONE",INDEX({"S1","S2","W1","W2","N1","N2"},MATCH(MIN(Q7:V7),Q7:V7,0)))) | X7: =IF(G7="","",IF(W7=E7,1,0))
A8: 5 | B8: 17 | C8: R3 | D8: OK | E8: NONE | F8: K005 | G8: 9.84 | J8: =VLOOKUP(C8,Recipes!$A$2:$N$4,10,FALSE()) | K8: =VLOOKUP(C8,Recipes!$A$2:$N$4,12,FALSE()) | L8: =J8-3.5*K8 | M8: =J8+3.5*K8 | N8: =IF(G8="","",IF(AND(G8>=L8,G8<=M8),"OK","NG")) | O8: =IF(N8="","",IF(N8=D8,1,0)) | P8: =IF(G8="","",J8-G8) | Q8: =IF(G8="","",ABS(P8-Components!$D$2)) | R8: =IF(G8="","",ABS(P8-Components!$D$3)) | S8: =IF(G8="","",ABS(P8-Components!$D$4)) | T8: =IF(G8="","",ABS(P8-Components!$D$5)) | U8: =IF(G8="","",ABS(P8-Components!$D$6)) | V8: =IF(G8="","",ABS(P8-Components!$D$7)) | W8: =IF(G8="","",IF(N8="OK","NONE",INDEX({"S1","S2","W1","W2","N1","N2"},MATCH(MIN(Q8:V8),Q8:V8,0)))) | X8: =IF(G8="","",IF(W8=E8,1,0))
A9: 5 | B9: 17 | C9: R3 | D9: OK | E9: NONE | F9: K005 | G9: 9.9 | J9: =VLOOKUP(C9,Recipes!$A$2:$N$4,10,FALSE()) | K9: =VLOOKUP(C9,Recipes!$A$2:$N$4,12,FALSE()) | L9: =J9-3.5*K9 | M9: =J9+3.5*K9 | N9: =IF(G9="","",IF(AND(G9>=L9,G9<=M9),"OK","NG")) | O9: =IF(N9="","",IF(N9=D9,1,0)) | P9: =IF(G9="","",J9-G9) | Q9: =IF(G9="","",ABS(P9-Components!$D$2)) | R9: =IF(G9="","",ABS(P9-Components!$D$3)) | S9: =IF(G9="","",ABS(P9-Components!$D$4)) | T9: =IF(G9="","",ABS(P9-Components!$D$5)) | U9: =IF(G9="","",ABS(P9-Components!$D$6)) | V9: =IF(G9="","",ABS(P9-Components!$D$7)) | W9: =IF(G9="","",IF(N9="OK","NONE",INDEX({"S1","S2","W1","W2","N1","N2"},MATCH(MIN(Q9:V9),Q9:V9,0)))) | X9: =IF(G9="","",IF(W9=E9,1,0))
A10: 5 | B10: 17 | C10: R3 | D10: OK | E10: NONE | F10: K005 | G10: 9.92 | J10: =VLOOKUP(C10,Recipes!$A$2:$N$4,10,FALSE()) | K10: =VLOOKUP(C10,Recipes!$A$2:$N$4,12,FALSE()) | L10: =J10-3.5*K10 | M10: =J10+3.5*K10 | N10: =IF(G10="","",IF(AND(G10>=L10,G10<=M10),"OK","NG")) | O10: =IF(N10="","",IF(N10=D10,1,0)) | P10: =IF(G10="","",J10-G10) | Q10: =IF(G10="","",ABS(P10-Components!$D$2)) | R10: =IF(G10="","",ABS(P10-Components!$D$3)) | S10: =IF(G10="","",ABS(P10-Components!$D$4)) | T10: =IF(G10="","",ABS(P10-Components!$D$5)) | U10: =IF(G10="","",ABS(P10-Components!$D$6)) | V10: =IF(G10="","",ABS(P10-Components!$D$7)) | W10: =IF(G10="","",IF(N10="OK","NONE",INDEX({"S1","S2","W1","W2","N1","N2"},MATCH(MIN(Q10:V10),Q10:V10,0)))) | X10: =IF(G10="","",IF(W10=E10,1,0))
A11: 5 | B11: 17 | C11: R3 | D11: OK | E11: NONE | F11: K005 | G11: 9.95 | J11: =VLOOKUP(C11,Recipes!$A$2:$N$4,10,FALSE()) | K11: =VLOOKUP(C11,Recipes!$A$2:$N$4,12,FALSE()) | L11: =J11-3.5*K11 | M11: =J11+3.5*K11 | N11: =IF(G11="","",IF(AND(G11>=L11,G11<=M11),"OK","NG")) | O11: =IF(N11="","",IF(N11=D11,1,0)) | P11: =IF(G11="","",J11-G11) | Q11: =IF(G11="","",ABS(P11-Components!$D$2)) | R11: =IF(G11="","",ABS(P11-Components!$D$3)) | S11: =IF(G11="","",ABS(P11-Components!$D$4)) | T11: =IF(G11="","",ABS(P11-Components!$D$5)) | U11: =IF(G11="","",ABS(P11-Components!$D$6)) | V11: =IF(G11="","",ABS(P11-Components!$D$7)) | W11: =IF(G11="","",IF(N11="OK","NONE",INDEX({"S1","S2","W1","W2","N1","N2"},MATCH(MIN(Q11:V11),Q11:V11,0)))) | X11: =IF(G11="","",IF(W11=E11,1,0))
A12: 5 | B12: 17 | C12: R3 | D12: OK | E12: NONE | F12: K005 | G12: 9.87 | J12: =VLOOKUP(C12,Recipes!$A$2:$N$4,10,FALSE()) | K12: =VLOOKUP(C12,Recipes!$A$2:$N$4,12,FALSE()) | L12: =J12-3.5*K12 | M12: =J12+3.5*K12 | N12: =IF(G12="","",IF(AND(G12>=L12,G12<=M12),"OK","NG")) | O12: =IF(N12="","",IF(N12=D12,1,0)) | P12: =IF(G12="","",J12-G12) | Q12: =IF(G12="","",ABS(P12-Components!$D$2)) | R12: =IF(G12="","",ABS(P12-Components!$D$3)) | S12: =IF(G12="","",ABS(P12-Components!$D$4)) | T12: =IF(G12="","",ABS(P12-Components!$D$5)) | U12: =IF(G12="","",ABS(P12-Components!$D$6)) | V12: =IF(G12="","",ABS(P12-Components!$D$7)) | W12: =IF(G12="","",IF(N12="OK","NONE",INDEX({"S1","S2","W1","W2","N1","N2"},MATCH(MIN(Q12:V12),Q12:V12,0)))) | X12: =IF(G12="","",IF(W12=E12,1,0))
A13: 5 | B13: 17 | C13: R3 | D13: OK | E13: NONE | F13: K005 | G13: 9.88 | J13: =VLOOKUP(C13,Recipes!$A$2:$N$4,10,FALSE()) | K13: =VLOOKUP(C13,Recipes!$A$2:$N$4,12,FALSE()) | L13: =J13-3.5*K13 | M13: =J13+3.5*K13 | N13: =IF(G13="","",IF(AND(G13>=L13,G13<=M13),"OK","NG")) | O13: =IF(N13="","",IF(N13=D13,1,0)) | P13: =IF(G13="","",J13-G13) | Q13: =IF(G13="","",ABS(P13-Components!$D$2)) | R13: =IF(G13="","",ABS(P13-Components!$D$3)) | S13: =IF(G13="","",ABS(P13-Components!$D$4)) | T13: =IF(G13="","",ABS(P13-Components!$D$5)) | U13: =IF(G13="","",ABS(P13-Components!$D$6)) | V13: =IF(G13="","",ABS(P13-Components!$D$7)) | W13: =IF(G13="","",IF(N13="OK","NONE",INDEX({"S1","S2","W1","W2","N1","N2"},MATCH(MIN(Q13:V13),Q13:V13,0)))) | X13: =IF(G13="","",IF(W13=E13,1,0))
A14: 5 | B14: 17 | C14: R3 | D14: OK | E14: NONE | F14: K005 | G14: 9.91 | J14: =VLOOKUP(C14,Recipes!$A$2:$N$4,10,FALSE()) | K14: =VLOOKUP(C14,Recipes!$A$2:$N$4,12,FALSE()) | L14: =J14-3.5*K14 | M14: =J14+3.5*K14 | N14: =IF(G14="","",IF(AND(G14>=L14,G14<=M14),"OK","NG")) | O14: =IF(N14="","",IF(N14=D14,1,0)) | P14: =IF(G14="","",J14-G14) | Q14: =IF(G14="","",ABS(P14-Components!$D$2)) | R14: =IF(G14="","",ABS(P14-Components!$D$3)) | S14: =IF(G14="","",ABS(P14-Components!$D$4)) | T14: =IF(G14="","",ABS(P14-Components!$D$5)) | U14: =IF(G14="","",ABS(P14-Components!$D$6)) | V14: =IF(G14="","",ABS(P14-Components!$D$7)) | W14: =IF(G14="","",IF(N14="OK","NONE",INDEX({"S1","S2","W1","W2","N1","N2"},MATCH(MIN(Q14:V14),Q14:V14,0)))) | X14: =IF(G14="","",IF(W14=E14,1,0))
... A156: 29 | B156: 52 | C156: R4 | D156: NG | E156: S1 | F156: K029 | G156: 6.12 | J156: =VLOOKUP(C156,Recipes!$A$2:$N$4,10,FALSE()) | K156: =VLOOKUP(C156,Recipes!$A$2:$N$4,12,FALSE()) | L156: =J156-3.5*K156 | M156: =J156+3.5*K156 | N156: =IF(G156="","",IF(AND(G156>=L156,G156<=M156),"OK","NG")) | O156: =IF(N156="","",IF(N156=D156,1,0)) | P156: =IF(G156="","",J156-G156) | Q156: =IF(G156="","",ABS(P156-Components!$D$2)) | R156: =IF(G156="","",ABS(P156-Components!$D$3)) | S156: =IF(G156="","",ABS(P156-Components!$D$4)) | T156: =IF(G156="","",ABS(P156-Components!$D$5)) | U156: =IF(G156="","",ABS(P156-Components!$D$6)) | V156: =IF(G156="","",ABS(P156-Components!$D$7)) | W156: =IF(G156="","",IF(N156="OK","NONE",INDEX({"S1","S2","W1","W2","N1","N2"},MATCH(MIN(Q156:V156),Q156:V156,0)))) | X156: =IF(G156="","",IF(W156=E156,1,0))
A157: 41 | B157: 7 | C157: R4 | D157: NG | E157: S1 | F157: K041 | G157: 6.16 | J157: =VLOOKUP(C155,Recipes!$A$2:$N$4,10,FALSE()) | K157: =VLOOKUP(C157,Recipes!$A$2:$N$4,12,FALSE()) | L157: =J157-3.5*K157 | M157: =J157+3.5*K157 | N157: =IF(G157="","",IF(AND(G157>=L157,G157<=M157),"OK","NG")) | O157: =IF(N157="","",IF(N157=D157,1,0)) | P157: =IF(G157="","",J157-G157) | Q157: =IF(G157="","",ABS(P157-Components!$D$2)) | R157: =IF(G157="","",ABS(P157-Components!$D$3)) | S157: =IF(G157="","",ABS(P157-Components!$D$3)) | T157: =IF(G157="","",ABS(P157-Components!$D$5)) | U157: =IF(G157="","",ABS(P157-Components!$D$6)) | V157: =IF(G157="","",ABS(P157-Components!$D$7)) | W157: =IF(G157="","",IF(N157="OK","NONE",INDEX({"S1","S2","W1","W2","N1","N2"},MATCH(MIN(Q157:V157),Q157:V157,0)))) | X157: =IF(G157="","",IF(W157=E157,1,0))
A158: 39.8 | B158: 26.7 | C158: R4 | D158: NG | E158: S1 | F158: K026 | G158: 6.19 | J158: =VLOOKUP(C158,Recipes!$A$2:$N$4,10,FALSE()) | K158: =VLOOKUP(C158,Recipes!$A$2:$N$4,12,FALSE()) | L158: =J158-3.5*K158 | M158: =J158+3.5*K158 | N158: =IF(G158="","",IF(AND(G158>=L158,G158<=M158),"OK","NG")) | O158: =IF(N158="","",IF(N158=D158,1,0)) | P158: =IF(G158="","",J158-G158) | Q158: =IF(G158="","",ABS(P158-Components!$D$2)) | R158: =IF(G158="","",ABS(P158-Components!$D$3)) | S158: =IF(G158="","",ABS(P158-Components!$D$4)) | T158: =IF(G158="","",ABS(P158-Components!$D$5)) | U158: =IF(G158="","",ABS(P158-Components!$D$6)) | V158: =IF(G158="","",ABS(P158-Components!$D$7)) | W158: =IF(G158="","",IF(N158="OK","NONE",INDEX({"S1","S2","W1","W2","N1","N2"},MATCH(MIN(Q158:V158),Q158:V158,0)))) | X158: =IF(G158="","",IF(W158=E158,1,0))
A159: 43 | B159: 28.2 | C159: R4 | D159: NG | E159: S1 | F159: K027 | G159: 6.18 | J159: =VLOOKUP(C159,Recipes!$A$2:$N$4,10,FALSE()) | K159: =VLOOKUP(C159,Recipes!$A$2:$N$4,12,FALSE()) | L159: =J159-3.5*K159 | M159: =J159+3.5*K159 | N159: =IF(G159="","",IF(AND(G159>=L159,G159<=M159),"OK","NG")) | O159: =IF(N159="","",IF(N159=D159,1,0)) | P159: =IF(G159="","",J159-G159) | Q159: =IF(G159="","",ABS(P159-Components!$D$2)) | R159: =IF(G159="","",ABS(P159-Components!$D$3)) | S159: =IF(G159="","",ABS(P159-Components!$D$4)) | T159: =IF(G159="","",ABS(P159-Components!$D$5)) | U159: =IF(G159="","",ABS(P159-Components!$D$6)) | V159: =IF(G159="","",ABS(P159-Components!$D$7)) | W159: =IF(G159="","",IF(N159="OK","NONE",INDEX({"S1","S2","W1","W2","N1","N2"},MATCH(MIN(Q159:V159),Q159:V159,0)))) | X159: =IF(G159="","",IF(W159=E159,1,0))
A160: 46.2 | B160: 29.7 | C160: R4 | D160: NG | E160: S1 | F160: K028 | G160: 6.13 | J160: =VLOOKUP(C160,Recipes!$A$2:$N$4,10,FALSE()) | K160: =VLOOKUP(C160,Recipes!$A$2:$N$4,12,FALSE()) | L160: =J160-3.5*K160 | M160: =J160+3.5*K160 | N160: =IF(G160="","",IF(AND(G160>=L160,G160<=M160),"OK","NG")) | O160: =IF(N160="","",IF(N160=D160,1,0)) | P160: =IF(G160="","",J160-G160) | Q160: =IF(G160="","",ABS(P160-Components!$D$2)) | R160: =IF(G160="","",ABS(P160-Components!$D$3)) | S160: =IF(G160="","",ABS(P160-Components!$D$4)) | T160: =IF(G160="","",ABS(P160-Components!$D$5)) | U160: =IF(G160="","",ABS(P160-Components!$D$6)) | V160: =IF(G160="","",ABS(P160-Components!$D$7)) | W160: =IF(G160="","",IF(N160="OK","NONE",INDEX({"S1","S2","W1","W2","N1","N2"},MATCH(MIN(Q160:V160),Q160:V160,0)))) | X160: =IF(G160="","",IF(W160=E160,1,0))
A161: 49.4 | B161: 31.2 | C161: R4 | D161: NG | E161: S1 | F161: K029 | G161: 6.22 | J161: =VLOOKUP(C161,Recipes!$A$2:$N$4,10,FALSE()) | K161: =VLOOKUP(C161,Recipes!$A$2:$N$4,12,FALSE()) | L161: =J161-3.5*K161 | M161: =J161+3.5*K161 | N161: =IF(G161="","",IF(AND(G161>=L161,G161<=M161),"OK","NG")) | O161: =IF(N161="","",IF(N161=D161,1,0)) | P161: =IF(G161="","",J161-G161) | Q161: =IF(G161="","",ABS(P161-Components!$D$2)) | R161: =IF(G161="","",ABS(P161-Components!$D$3)) | S161: =IF(G161="","",ABS(P161-Components!$D$4)) | T161: =IF(G161="","",ABS(P161-Components!$D$5)) | U161: =IF(G161="","",ABS(P161-Components!$D$6)) | V161: =IF(G161="","",ABS(P161-Components!$D$7)) | W161: =IF(G161="","",IF(N161="OK","NONE",INDEX({"S1","S2","W1","W2","N1","N2"},MATCH(MIN(Q161:V161),Q161:V161,0)))) | X161: =IF(G161="","",IF(W161=E161,1,0))
A162: 52.6 | B162: 32.7 | C162: R4 | D162: NG | E162: S1 | F162: K041 | G162: 6.17 | J162: =VLOOKUP(C162,Recipes!$A$2:$N$4,10,FALSE()) | K162: =VLOOKUP(C162,Recipes!$A$2:$N$4,12,FALSE()) | L162: =J162-3.5*K162 | M162: =J162+3.5*K162 | N162: =IF(G162="","",IF(AND(G162>=L162,G162<=M162),"OK","NG")) | O162: =IF(N162="","",IF(N162=D162,1,0)) | P162: =IF(G162="","",J162-G162) | Q162: =IF(G162="","",ABS(P162-Components!$D$2)) | R162: =IF(G162="","",ABS(P162-Components!$D$3)) | S162: =IF(G162="","",ABS(P162-Components!$D$4)) | T162: =IF(G162="","",ABS(P162-Components!$D$5)) | U162: =IF(G162="","",ABS(P162-Components!$D$6)) | V162: =IF(G162="","",ABS(P162-Components!$D$7)) | W162: =IF(G162="","",IF(N162="OK","NONE",INDEX({"S1","S2","W1","W2","N1","N2"},MATCH(MIN(Q162:V162),Q162:V162,0)))) | X162: =IF(G162="","",IF(W162=E162,1,0))
A163: 55.8 | B163: 34.2 | C163: R4 | D163: NG | E163: S1 | F163: K026 | G163: 6.16 | J163: =VLOOKUP(C163,Recipes!$A$2:$N$4,10,FALSE()) | K163: =VLOOKUP(C163,Recipes!$A$2:$N$4,12,FALSE()) | L163: =J163-3.5*K163 | M163: =J163+3.5*K163 | N163: =IF(G163="","",IF(AND(G163>=L163,G163<=M163),"OK","NG")) | O163: =IF(N163="","",IF(N163=D163,1,0)) | P163: =IF(G163="","",J163-G163) | Q163: =IF(G163="","",ABS(P163-Components!$D$2)) | R163: =IF(G163="","",ABS(P163-Components!$D$3)) | S163: =IF(G163="","",ABS(P163-Components!$D$4)) | T163: =IF(G163="","",ABS(P163-Components!$D$5)) | U163: =IF(G163="","",ABS(P163-Components!$D$6)) | V163: =IF(G163="","",ABS(P163-Components!$D$7)) | W163: =IF(G163="","",IF(N163="OK","NONE",INDEX({"S1","S2","W1","W2","N1","N2"},MATCH(MIN(Q163:V163),Q163:V163,0)))) | X163: =IF(G163="","",IF(W163=E163,1,0))
A164: 59 | B164: 35.7 | C164: R4 | D164: NG | E164: S1 | F164: K027 | G164: 6.17 | J164: =VLOOKUP(C164,Recipes!$A$2:$N$4,10,FALSE()) | K164: =VLOOKUP(C164,Recipes!$A$2:$N$4,12,FALSE()) | L164: =J164-3.5*K164 | M164: =J164+3.5*K164 | N164: =IF(G164="","",IF(AND(G164>=L164,G164<=M164),"OK","NG")) | O164: =IF(N164="","",IF(N164=D164,1,0)) | P164: =IF(G164="","",J164-G164) | Q164: =IF(G164="","",ABS(P164-Components!$D$2)) | R164: =IF(G164="","",ABS(P164-Components!$D$3)) | S164: =IF(G164="","",ABS(P164-Components!$D$4)) | T164: =IF(G164="","",ABS(P164-Components!$D$5)) | U164: =IF(G164="","",ABS(P164-Components!$D$6)) | V164: =IF(G164="","",ABS(P164-Components!$D$7)) | W164: =IF(G164="","",IF(N164="OK","NONE",INDEX({"S1","S2","W1","W2","N1","N2"},MATCH(MIN(Q164:V164),Q164:V164,0)))) | X164: =IF(G164="","",IF(W164=E164,1,0))
A165: 62.2 | B165: 37.2 | C165: R4 | D165: NG | E165: S1 | F165: K028 | G165: 6.14 | J165: =VLOOKUP(C165,Recipes!$A$2:$N$4,10,FALSE()) | K165: =VLOOKUP(C165,Recipes!$A$2:$N$4,12,FALSE()) | L165: =J165-3.5*K165 | M165: =J165+3.5*K165 | N165: =IF(G165="","",IF(AND(G165>=L165,G165<=M165),"OK","NG")) | O165: =IF(N165="","",IF(N165=D165,1,0)) | P165: =IF(G165="","",J165-G165) | Q165: =IF(G165="","",ABS(P165-Components!$D$2)) | R165: =IF(G165="","",ABS(P165-Components!$D$3)) | S165: =IF(G165="","",ABS(P165-Components!$D$4)) | T165: =IF(G165="","",ABS(P165-Components!$D$5)) | U165: =IF(G165="","",ABS(P165-Components!$D$6)) | V165: =IF(G165="","",ABS(P165-Components!$D$7)) | W165: =IF(G165="","",IF(N165="OK","NONE",INDEX({"S1","S2","W1","W2","N1","N2"},MATCH(MIN(Q165:V165),Q165:V165,0)))) | X165: =IF(G165="","",IF(W165=E165,1,0))
A166: 65.4 | B166: 38.7 | C166: R4 | D166: NG | E166: S1 | F166: K029 | G166: 6.2 | J166: =VLOOKUP(C166,Recipes!$A$2:$N$4,10,FALSE()) | K166: =VLOOKUP(C166,Recipes!$A$2:$N$4,12,FALSE()) | L166: =J166-3.5*K166 | M166: =J166+3.5*K166 | N166: =IF(G166="","",IF(AND(G166>=L166,G166<=M166),"OK","NG")) | O166: =IF(N166="","",IF(N166=D166,1,0)) | P166: =IF(G166="","",J166-G166) | Q166: =IF(G166="","",ABS(P166-Components!$D$2)) | R166: =IF(G166="","",ABS(P166-Components!$D$3)) | S166: =IF(G166="","",ABS(P166-Components!$D$4)) | T166: =IF(G166="","",ABS(P166-Components!$D$5)) | U166: =IF(G166="","",ABS(P166-Components!$D$6)) | V166: =IF(G166="","",ABS(P166-Components!$D$7)) | W166: =IF(G166="","",IF(N166="OK","NONE",INDEX({"S1","S2","W1","W2","N1","N2"},MATCH(MIN(Q166:V166),Q166:V166,0)))) | X166: =IF(G166="","",IF(W166=E166,1,0))
A167: 68.6 | B167: 40.2 | C167: R4 | D167: NG | E167: S1 | F167: K041 | G167: 6.19 | J167: =VLOOKUP(C167,Recipes!$A$2:$N$4,10,FALSE()) | K167: =VLOOKUP(C167,Recipes!$A$2:$N$4,12,FALSE()) | L167: =J167-3.5*K167 | M167: =J167+3.5*K167 | N167: =IF(G167="","",IF(AND(G167>=L167,G167<=M167),"OK","NG")) | O167: =IF(N167="","",IF(N167=D167,1,0)) | P167: =IF(G167="","",J167-G167) | Q167: =IF(G167="","",ABS(P167-Components!$D$2)) | R167: =IF(G167="","",ABS(P167-Components!$D$3)) | S167: =IF(G167="","",ABS(P167-Components!$D$4)) | T167: =IF(G167="","",ABS(P167-Components!$D$5)) | U167: =IF(G167="","",ABS(P167-Components!$D$6)) | V167: =IF(G167="","",ABS(P167-Components!$D$7)) | W167: =IF(G167="","",IF(N167="OK","NONE",INDEX({"S1","S2","W1","W2","N1","N2"},MATCH(MIN(Q167:V167),Q167:V167,0)))) | X167: =IF(G167="","",IF(W167=E167,1,0))
A168: 71.8 | B168: 41.7 | C168: R4 | D168: NG | E168: S1 | F168: K026 | G168: 6.19 | J168: =VLOOKUP(C168,Recipes!$A$2:$N$4,10,FALSE()) | K168: =VLOOKUP(C168,Recipes!$A$2:$N$4,12,FALSE()) | L168: =J168-3.5*K168 | M168: =J168+3.5*K168 | N168: =IF(G168="","",IF(AND(G168>=L168,G168<=M168),"OK","NG")) | O168: =IF(N168="","",IF(N168=D168,1,0)) | P168: =IF(G168="","",J168-G168) | Q168: =IF(G168="","",ABS(P168-Components!$D$2)) | R168: =IF(G168="","",ABS(P168-Components!$D$3)) | S168: =IF(G168="","",ABS(P168-Components!$D$4)) | T168: =IF(G168="","",ABS(P168-Components!$D$5)) | U168: =IF(G168="","",ABS(P168-Components!$D$6)) | V168: =IF(G168="","",ABS(P168-Components!$D$7)) | W168: =IF(G168="","",IF(N168="OK","NONE",INDEX({"S1","S2","W1","W2","N1","N2"},MATCH(MIN(Q168:V168),Q168:V168,0)))) | X168: =IF(G168="","",IF(W168=E168,1,0))
A169: 75 | B169: 43.2 | C169: R4 | D169: NG | E169: S1 | F169: K027 | G169: 6.13 | J169: =VLOOKUP(C169,Recipes!$A$2:$N$4,10,FALSE()) | K169: =VLOOKUP(C169,Recipes!$A$2:$N$4,12,FALSE()) | L169: =J169-3.5*K169 | M169: =J169+3.5*K169 | N169: =IF(G169="","",IF(AND(G169>=L169,G169<=M169),"OK","NG")) | O169: =IF(N169="","",IF(N169=D169,1,0)) | P169: =IF(G169="","",J169-G169) | Q169: =IF(G169="","",ABS(P169-Components!$D$2)) | R169: =IF(G169="","",ABS(P169-Components!$D$3)) | S169: =IF(G169="","",ABS(P169-Components!$D$4)) | T169: =IF(G169="","",ABS(P169-Components!$D$5)) | U169: =IF(G169="","",ABS(P169-Components!$D$6)) | V169: =IF(G169="","",ABS(P169-Components!$D$7)) | W169: =IF(G169="","",IF(N169="OK","NONE",INDEX({"S1","S2","W1","W2","N1","N2"},MATCH(MIN(Q169:V169),Q169:V169,0)))) | X169: =IF(G169="","",IF(W169=E169,1,0))
... A300: 43 | B300: 38 | C300: R6 | D300: OK | E300: NONE | F300: K043 | G300: 8.63 | J300: =VLOOKUP(C300,Recipes!$A$2:$N$4,10,FALSE()) | K300: =VLOOKUP(C300,Recipes!$A$2:$N$4,12,FALSE()) | L300: =J300-3.5*K300 | M300: =J300+3.5*K300 | N300: =IF(G300="","",IF(AND(G300>=L300,G300<=M300),"OK","NG")) | O300: =IF(N300="","",IF(N300=D300,1,0)) | P300: =IF(G300="","",J300-G300) | Q300: =IF(G300="","",ABS(P300-Components!$D$2)) | R300: =IF(G300="","",ABS(P300-Components!$D$3)) | S300: =IF(G300="","",ABS(P300-Components!$D$4)) | T300: =IF(G300="","",ABS(P300-Components!$D$5)) | U300: =IF(G300="","",ABS(P300-Components!$D$6)) | V300: =IF(G300="","",ABS(P300-Components!$D$7)) | W300: =IF(G300="","",IF(N300="OK","NONE",INDEX({"S1","S2","W1","W2","N1","N2"},MATCH(MIN(Q300:V300),Q300:V300,0)))) | X300: =IF(G300="","",IF(W300=E300,1,0))
C301: R6 | D301: OK | E301: NONE | G301: 8.62 | J301: =VLOOKUP(C301,Recipes!$A$2:$N$4,10,FALSE()) | K301: =VLOOKUP(C301,Recipes!$A$2:$N$4,12,FALSE()) | L301: =J301-3.5*K301 | M301: =J301+3.5*K301 | N301: =IF(G301="","",IF(AND(G301>=L301,G301<=M301),"OK","NG")) | O301: =IF(N301="","",IF(N301=D301,1,0)) | P301: =IF(G301="","",J301-G301) | Q301: =IF(G301="","",ABS(P301-Components!$D$2)) | R301: =IF(G301="","",ABS(P301-Components!$D$3)) | S301: =IF(G301="","",ABS(P301-Components!$D$4)) | T301: =IF(G301="","",ABS(P301-Components!$D$5)) | U301: =IF(G301="","",ABS(P301-Components!$D$6)) | V301: =IF(G301="","",ABS(P301-Components!$D$7)) | W301: =IF(G301="","",IF(N301="OK","NONE",INDEX({"S1","S2","W1","W2","N1","N2"},MATCH(MIN(Q301:V301),Q301:V301,0)))) | X301: =IF(G301="","",IF(W301=E301,1,0))
C302: R6 | D302: OK | E302: NONE | G302: 8.58 | J302: =VLOOKUP(C302,Recipes!$A$2:$N$4,10,FALSE()) | K302: =VLOOKUP(C302,Recipes!$A$2:$N$4,12,FALSE()) | L302: =J302-3.5*K302 | M302: =J302+3.5*K302 | N302: =IF(G302="","",IF(AND(G302>=L302,G302<=M302),"OK","NG")) | O302: =IF(N302="","",IF(N302=D302,1,0)) | P302: =IF(G302="","",J302-G302) | Q302: =IF(G302="","",ABS(P302-Components!$D$2)) | R302: =IF(G302="","",ABS(P302-Components!$D$3)) | S302: =IF(G302="","",ABS(P302-Components!$D$4)) | T302: =IF(G302="","",ABS(P302-Components!$D$5)) | U302: =IF(G302="","",ABS(P302-Components!$D$6)) | V302: =IF(G302="","",ABS(P302-Components!$D$7)) | W302: =IF(G302="","",IF(N302="OK","NONE",INDEX({"S1","S2","W1","W2","N1","N2"},MATCH(MIN(Q302:V302),Q302:V302,0)))) | X302: =IF(G302="","",IF(W302=E302,1,0))
A303: 44 | B303: 6 | C303: R6 | D303: NG | E303: S1 | F303: K044 | G303: 5.89 | J303: =VLOOKUP(C303,Recipes!$A$2:$N$4,10,FALSE()) | K303: =VLOOKUP(C303,Recipes!$A$2:$N$4,12,FALSE()) | L303: =J303-3.5*K303 | M303: =J303+3.5*K303 | N303: =IF(G303="","",IF(AND(G303>=L303,G303<=M303),"OK","NG")) | O303: =IF(N303="","",IF(N303=D303,1,0)) | P303: =IF(G303="","",J303-G303) | Q303: =IF(G303="","",ABS(P303-Components!$D$2)) | R303: =IF(G303="","",ABS(P303-Components!$D$3)) | S303: =IF(G303="","",ABS(P303-Components!$D$4)) | T303: =IF(G303="","",ABS(P303-Components!$D$5)) | U303: =IF(G303="","",ABS(P303-Components!$D$6)) | V303: =IF(G303="","",ABS(P303-Components!$D$7)) | W303: =IF(G303="","",IF(N303="OK","NONE",INDEX({"S1","S2","W1","W2","N1","N2"},MATCH(MIN(Q303:V303),Q303:V303,0)))) | X303: =IF(G303="","",IF(W303=E303,1,0))
A304: 44 | B304: 6 | C304: R6 | D304: NG | E304: S1 | F304: K044 | G304: 5.89 | J304: =VLOOKUP(C304,Recipes!$A$2:$N$4,10,FALSE()) | K304: =VLOOKUP(C304,Recipes!$A$2:$N$4,12,FALSE()) | L304: =J304-3.5*K304 | M304: =J304+3.5*K304 | N304: =IF(G304="","",IF(AND(G304>=L304,G304<=M304),"OK","NG")) | O304: =IF(N304="","",IF(N304=D304,1,0)) | P304: =IF(G304="","",J304-G304) | Q304: =IF(G304="","",ABS(P304-Components!$D$2)) | R304: =IF(G304="","",ABS(P304-Components!$D$3)) | S304: =IF(G304="","",ABS(P304-Components!$D$4)) | T304: =IF(G304="","",ABS(P304-Components!$D$5)) | U304: =IF(G304="","",ABS(P304-Components!$D$6)) | V304: =IF(G304="","",ABS(P304-Components!$D$7)) | W304: =IF(G304="","",IF(N304="OK","NONE",INDEX({"S1","S2","W1","W2","N1","N2"},MATCH(MIN(Q304:V304),Q304:V304,0)))) | X304: =IF(G304="","",IF(W304=E304,1,0))
A305: 44 | B305: 6 | C305: R6 | D305: NG | E305: S1 | F305: K044 | G305: 5.9 | J305: =VLOOKUP(C305,Recipes!$A$2:$N$4,10,FALSE()) | K305: =VLOOKUP(C305,Recipes!$A$2:$N$4,12,FALSE()) | L305: =J305-3.5*K305 | M305: =J305+3.5*K305 | N305: =IF(G305="","",IF(AND(G305>=L305,G305<=M305),"OK","NG")) | O305: =IF(N305="","",IF(N305=D305,1,0)) | P305: =IF(G305="","",J305-G305) | Q305: =IF(G305="","",ABS(P305-Components!$D$2)) | R305: =IF(G305="","",ABS(P305-Components!$D$3)) | S305: =IF(G305="","",ABS(P305-Components!$D$4)) | T305: =IF(G305="","",ABS(P305-Components!$D$5)) | U305: =IF(G305="","",ABS(P305-Components!$D$6)) | V305: =IF(G305="","",ABS(P305-Components!$D$7)) | W305: =IF(G305="","",IF(N305="OK","NONE",INDEX({"S1","S2","W1","W2","N1","N2"},MATCH(MIN(Q305:V305),Q305:V305,0)))) | X305: =IF(G305="","",IF(W305=E305,1,0))
A306: 44 | B306: 6 | C306: R6 | D306: NG | E306: S1 | F306: K044 | G306: 5.88 | J306: =VLOOKUP(C306,Recipes!$A$2:$N$4,10,FALSE()) | K306: =VLOOKUP(C306,Recipes!$A$2:$N$4,12,FALSE()) | L306: =J306-3.5*K306 | M306: =J306+3.5*K306 | N306: =IF(G306="","",IF(AND(G306>=L306,G306<=M306),"OK","NG")) | O306: =IF(N306="","",IF(N306=D306,1,0)) | P306: =IF(G306="","",J306-G306) | Q306: =IF(G306="","",ABS(P306-Components!$D$2)) | R306: =IF(G306="","",ABS(P306-Components!$D$3)) | S306: =IF(G306="","",ABS(P306-Components!$D$4)) | T306: =IF(G306="","",ABS(P306-Components!$D$5)) | U306: =IF(G306="","",ABS(P306-Components!$D$6)) | V306: =IF(G306="","",ABS(P306-Components!$D$7)) | W306: =IF(G306="","",IF(N306="OK","NONE",INDEX({"S1","S2","W1","W2","N1","N2"},MATCH(MIN(Q306:V306),Q306:V306,0)))) | X306: =IF(G306="","",IF(W306=E306,1,0))
A307: 44 | B307: 6 | C307: R6 | D307: NG | E307: S1 | F307: K044 | G307: 5.91 | J307: =VLOOKUP(C307,Recipes!$A$2:$N$4,10,FALSE()) | K307: =VLOOKUP(C307,Recipes!$A$2:$N$4,12,FALSE()) | L307: =J307-3.5*K307 | M307: =J307+3.5*K307 | N307: =IF(G307="","",IF(AND(G307>=L307,G307<=M307),"OK","NG")) | O307: =IF(N307="","",IF(N307=D307,1,0)) | P307: =IF(G307="","",J307-G307) | Q307: =IF(G307="","",ABS(P307-Components!$D$2)) | R307: =IF(G307="","",ABS(P307-Components!$D$3)) | S307: =IF(G307="","",ABS(P307-Components!$D$4)) | T307: =IF(G307="","",ABS(P307-Components!$D$5)) | U307: =IF(G307="","",ABS(P307-Components!$D$6)) | V307: =IF(G307="","",ABS(P307-Components!$D$7)) | W307: =IF(G307="","",IF(N307="OK","NONE",INDEX({"S1","S2","W1","W2","N1","N2"},MATCH(MIN(Q307:V307),Q307:V307,0)))) | X307: =IF(G307="","",IF(W307=E307,1,0))
A308: 44 | B308: 6 | C308: R6 | D308: NG | E308: S1 | F308: K044 | G308: 5.86 | J308: =VLOOKUP(C308,Recipes!$A$2:$N$4,10,FALSE()) | K308: =VLOOKUP(C308,Recipes!$A$2:$N$4,12,FALSE()) | L308: =J308-3.5*K308 | M308: =J308+3.5*K308 | N308: =IF(G308="","",IF(AND(G308>=L308,G308<=M308),"OK","NG")) | O308: =IF(N308="","",IF(N308=D308,1,0)) | P308: =IF(G308="","",J308-G308) | Q308: =IF(G308="","",ABS(P308-Components!$D$2)) | R308: =IF(G308="","",ABS(P308-Components!$D$3)) | S308: =IF(G308="","",ABS(P308-Components!$D$4)) | T308: =IF(G308="","",ABS(P308-Components!$D$5)) | U308: =IF(G308="","",ABS(P308-Components!$D$6)) | V308: =IF(G308="","",ABS(P308-Components!$D$7)) | W308: =IF(G308="","",IF(N308="OK","NONE",INDEX({"S1","S2","W1","W2","N1","N2"},MATCH(MIN(Q308:V308),Q308:V308,0)))) | X308: =IF(G308="","",IF(W308=E308,1,0))
A309: 44 | B309: 6 | C309: R6 | D309: NG | E309: S1 | F309: K044 | G309: 5.9 | J309: =VLOOKUP(C309,Recipes!$A$2:$N$4,10,FALSE()) | K309: =VLOOKUP(C309,Recipes!$A$2:$N$4,12,FALSE()) | L309: =J309-3.5*K309 | M309: =J309+3.5*K309 | N309: =IF(G309="","",IF(AND(G309>=L309,G309<=M309),"OK","NG")) | O309: =IF(N309="","",IF(N309=D309,1,0)) | P309: =IF(G309="","",J309-G309) | Q309: =IF(G309="","",ABS(P309-Components!$D$2)) | R309: =IF(G309="","",ABS(P309-Components!$D$3)) | S309: =IF(G309="","",ABS(P309-Components!$D$4)) | T309: =IF(G309="","",ABS(P309-Components!$D$5)) | U309: =IF(G309="","",ABS(P309-Components!$D$6)) | V309: =IF(G309="","",ABS(P309-Components!$D$7)) | W309: =IF(G309="","",IF(N309="OK","NONE",INDEX({"S1","S2","W1","W2","N1","N2"},MATCH(MIN(Q309:V309),Q309:V309,0)))) | X309: =IF(G309="","",IF(W309=E309,1,0))
A310: 44 | B310: 6 | C310: R6 | D310: NG | E310: S1 | F310: K044 | G310: 5.8 | J310: =VLOOKUP(C310,Recipes!$A$2:$N$4,10,FALSE()) | K310: =VLOOKUP(C310,Recipes!$A$2:$N$4,12,FALSE()) | L310: =J310-3.5*K310 | M310: =J310+3.5*K310 | N310: =IF(G310="","",IF(AND(G310>=L310,G310<=M310),"OK","NG")) | O310: =IF(N310="","",IF(N310=D310,1,0)) | P310: =IF(G310="","",J310-G310) | Q310: =IF(G310="","",ABS(P310-Components!$D$2)) | R310: =IF(G310="","",ABS(P310-Components!$D$3)) | S310: =IF(G310="","",ABS(P310-Components!$D$4)) | T310: =IF(G310="","",ABS(P310-Components!$D$5)) | U310: =IF(G310="","",ABS(P310-Components!$D$6)) | V310: =IF(G310="","",ABS(P310-Components!$D$7)) | W310: =IF(G310="","",IF(N310="OK","NONE",INDEX({"S1","S2","W1","W2","N1","N2"},MATCH(MIN(Q310:V310),Q310:V310,0)))) | X310: =IF(G310="","",IF(W310=E310,1,0))
A311: 44 | B311: 6 | C311: R6 | D311: NG | E311: S1 | F311: K044 | G311: 5.94 | J311: =VLOOKUP(C311,Recipes!$A$2:$N$4,10,FALSE()) | K311: =VLOOKUP(C311,Recipes!$A$2:$N$4,12,FALSE()) | L311: =J311-3.5*K311 | M311: =J311+3.5*K311 | N311: =IF(G311="","",IF(AND(G311>=L311,G311<=M311),"OK","NG")) | O311: =IF(N311="","",IF(N311=D311,1,0)) | P311: =IF(G311="","",J311-G311) | Q311: =IF(G311="","",ABS(P311-Components!$D$2)) | R311: =IF(G311="","",ABS(P311-Components!$D$3)) | S311: =IF(G311="","",ABS(P311-Components!$D$4)) | T311: =IF(G311="","",ABS(P311-Components!$D$5)) | U311: =IF(G311="","",ABS(P311-Components!$D$6)) | V311: =IF(G311="","",ABS(P311-Components!$D$7)) | W311: =IF(G311="","",IF(N311="OK","NONE",INDEX({"S1","S2","W1","W2","N1","N2"},MATCH(MIN(Q311:V311),Q311:V311,0)))) | X311: =IF(G311="","",IF(W311=E311,1,0))
A312: 44 | B312: 6 | C312: R6 | D312: NG | E312: S1 | F312: K044 | G312: 5.94 | J312: =VLOOKUP(C312,Recipes!$A$2:$N$4,10,FALSE()) | K312: =VLOOKUP(C312,Recipes!$A$2:$N$4,12,FALSE()) | L312: =J312-3.5*K312 | M312: =J312+3.5*K312 | N312: =IF(G312="","",IF(AND(G312>=L312,G312<=M312),"OK","NG")) | O312: =IF(N312="","",IF(N312=D312,1,0)) | P312: =IF(G312="","",J312-G312) | Q312: =IF(G312="","",ABS(P312-Components!$D$2)) | R312: =IF(G312="","",ABS(P312-Components!$D$3)) | S312: =IF(G312="","",ABS(P312-Components!$D$4)) | T312: =IF(G312="","",ABS(P312-Components!$D$5)) | U312: =IF(G312="","",ABS(P312-Components!$D$6)) | V312: =IF(G312="","",ABS(P312-Components!$D$7)) | W312: =IF(G312="","",IF(N312="OK","NONE",INDEX({"S1","S2","W1","W2","N1","N2"},MATCH(MIN(Q312:V312),Q312:V312,0)))) | X312: =IF(G312="","",IF(W312=E312,1,0))
A313: 44 | B313: 6 | C313: R6 | D313: NG | E313: S1 | F313: K044 | G313: 5.87 | J313: =VLOOKUP(C313,Recipes!$A$2:$N$4,10,FALSE()) | K313: =VLOOKUP(C313,Recipes!$A$2:$N$4,12,FALSE()) | L313: =J313-3.5*K313 | M313: =J313+3.5*K313 | N313: =IF(G313="","",IF(AND(G313>=L313,G313<=M313),"OK","NG")) | O313: =IF(N313="","",IF(N313=D313,1,0)) | P313: =IF(G313="","",J313-G313) | Q313: =IF(G313="","",ABS(P313-Components!$D$2)) | R313: =IF(G313="","",ABS(P313-Components!$D$3)) | S313: =IF(G313="","",ABS(P313-Components!$D$4)) | T313: =IF(G313="","",ABS(P313-Components!$D$5)) | U313: =IF(G313="","",ABS(P313-Components!$D$6)) | V313: =IF(G313="","",ABS(P313-Components!$D$7)) | W313: =IF(G313="","",IF(N313="OK","NONE",INDEX({"S1","S2","W1","W2","N1","N2"},MATCH(MIN(Q313:V313),Q313:V313,0)))) | X313: =IF(G313="","",IF(W313=E313,1,0))
A314: 44 | B314: 6 | C314: R6 | D314: NG | E314: S1 | F314: K044 | G314: 5.88 | J314: =VLOOKUP(C314,Recipes!$A$2:$N$4,10,FALSE()) | K314: =VLOOKUP(C314,Recipes!$A$2:$N$4,12,FALSE()) | L314: =J314-3.5*K314 | M314: =J314+3.5*K314 | N314: =IF(G314="","",IF(AND(G314>=L314,G314<=M314),"OK","NG")) | O314: =IF(N314="","",IF(N314=D314,1,0)) | P314: =IF(G314="","",J314-G314) | Q314: =IF(G314="","",ABS(P314-Components!$D$2)) | R314: =IF(G314="","",ABS(P314-Components!$D$3)) | S314: =IF(G314="","",ABS(P314-Components!$D$4)) | T314: =IF(G314="","",ABS(P314-Components!$D$5)) | U314: =IF(G314="","",ABS(P314-Components!$D$6)) | V314: =IF(G314="","",ABS(P314-Components!$D$7)) | W314: =IF(G314="","",IF(N314="OK","NONE",INDEX({"S1","S2","W1","W2","N1","N2"},MATCH(MIN(Q314:V314),Q314:V314,0)))) | X314: =IF(G314="","",IF(W314=E314,1,0))
... A390: 53 | B390: 18 | C390: R6 | D390: NG | E390: N2 | F390: K051 | G390: 7.23 | J390: =VLOOKUP(C390,Recipes!$A$2:$N$4,10,FALSE()) | K390: =VLOOKUP(C390,Recipes!$A$2:$N$4,12,FALSE()) | L390: =J390-3.5*K390 | M390: =J390+3.5*K390 | N390: =IF(G390="","",IF(AND(G390>=L390,G390<=M390),"OK","NG")) | O390: =IF(N390="","",IF(N390=D390,1,0)) | P390: =IF(G390="","",J390-G390) | Q390: =IF(G390="","",ABS(P390-Components!$D$2)) | R390: =IF(G390="","",ABS(P390-Components!$D$3)) | S390: =IF(G390="","",ABS(P390-Components!$D$4)) | T390: =IF(G390="","",ABS(P390-Components!$D$5)) | U390: =IF(G390="","",ABS(P390-Components!$D$6)) | V390: =IF(G390="","",ABS(P390-Components!$D$7)) | W390: =IF(G390="","",IF(N390="OK","NONE",INDEX({"S1","S2","W1","W2","N1","N2"},MATCH(MIN(Q390:V390),Q390:V390,0)))) | X390: =IF(G390="","",IF(W390=E390,1,0))
A391: 54 | C391: R6 | D391: NG | E391: N2 | G391: 7.25 | J391: =VLOOKUP(C391,Recipes!$A$2:$N$4,10,FALSE()) | K391: =VLOOKUP(C391,Recipes!$A$2:$N$4,12,FALSE()) | L391: =J391-3.5*K391 | M391: =J391+3.5*K391 | N391: =IF(G391="","",IF(AND(G391>=L391,G391<=M391),"OK","NG")) | O391: =IF(N391="","",IF(N391=D391,1,0)) | P391: =IF(G391="","",J391-G391) | Q391: =IF(G391="","",ABS(P391-Components!$D$2)) | R391: =IF(G391="","",ABS(P391-Components!$D$3)) | S391: =IF(G391="","",ABS(P391-Components!$D$4)) | T391: =IF(G391="","",ABS(P391-Components!$D$5)) | U391: =IF(G391="","",ABS(P391-Components!$D$6)) | V391: =IF(G391="","",ABS(P391-Components!$D$7)) | W391: =IF(G391="","",IF(N391="OK","NONE",INDEX({"S1","S2","W1","W2","N1","N2"},MATCH(MIN(Q391:V391),Q391:V391,0)))) | X391: =IF(G391="","",IF(W391=E391,1,0))
C392: R6 | D392: NG | E392: N2 | G392: 7.2 | J392: =VLOOKUP(C392,Recipes!$A$2:$N$4,10,FALSE()) | K392: =VLOOKUP(C392,Recipes!$A$2:$N$4,12,FALSE()) | L392: =J392-3.5*K392 | M392: =J392+3.5*K392 | N392: =IF(G392="","",IF(AND(G392>=L392,G392<=M392),"OK","NG")) | O392: =IF(N392="","",IF(N392=D392,1,0)) | P392: =IF(G392="","",J392-G392) | Q392: =IF(G392="","",ABS(P392-Components!$D$2)) | R392: =IF(G392="","",ABS(P392-Components!$D$3)) | S392: =IF(G392="","",ABS(P392-Components!$D$4)) | T392: =IF(G392="","",ABS(P392-Components!$D$5)) | U392: =IF(G392="","",ABS(P392-Components!$D$6)) | V392: =IF(G392="","",ABS(P392-Components!$D$7)) | W392: =IF(G392="","",IF(N392="OK","NONE",INDEX({"S1","S2","W1","W2","N1","N2"},MATCH(MIN(Q392:V392),Q392:V392,0)))) | X392: =IF(G392="","",IF(W392=E392,1,0))
A393: 52 | B393: 48 | C393: R6 | D393: NG | E393: N1 | F393: K052 | G393: 7.39 | J393: =VLOOKUP(C393,Recipes!$A$2:$N$4,10,FALSE()) | K393: =VLOOKUP(C393,Recipes!$A$2:$N$4,12,FALSE()) | L393: =J393-3.5*K393 | M393: =J393+3.5*K393 | N393: =IF(G393="","",IF(AND(G393>=L393,G393<=M393),"OK","NG")) | O393: =IF(N393="","",IF(N393=D393,1,0)) | P393: =IF(G393="","",J393-G393) | Q393: =IF(G393="","",ABS(P393-Components!$D$2)) | R393: =IF(G393="","",ABS(P393-Components!$D$3)) | S393: =IF(G393="","",ABS(P393-Components!$D$4)) | T393: =IF(G393="","",ABS(P393-Components!$D$5)) | U393: =IF(G393="","",ABS(P393-Components!$D$6)) | V393: =IF(G393="","",ABS(P393-Components!$D$7)) | W393: =IF(G393="","",IF(N393="OK","NONE",INDEX({"S1","S2","W1","W2","N1","N2"},MATCH(MIN(Q393:V393),Q393:V393,0)))) | X393: =IF(G393="","",IF(W393=E393,1,0))
A394: 52 | B394: 48 | C394: R6 | D394: NG | E394: N1 | F394: K052 | G394: 7.49 | J394: =VLOOKUP(C394,Recipes!$A$2:$N$4,10,FALSE()) | K394: =VLOOKUP(C394,Recipes!$A$2:$N$4,12,FALSE()) | L394: =J394-3.5*K394 | M394: =J394+3.5*K394 | N394: =IF(G394="","",IF(AND(G394>=L394,G394<=M394),"OK","NG")) | O394: =IF(N394="","",IF(N394=D394,1,0)) | P394: =IF(G394="","",J394-G394) | Q394: =IF(G394="","",ABS(P394-Components!$D$2)) | R394: =IF(G394="","",ABS(P394-Components!$D$3)) | S394: =IF(G394="","",ABS(P394-Components!$D$4)) | T394: =IF(G394="","",ABS(P394-Components!$D$5)) | U394: =IF(G394="","",ABS(P394-Components!$D$6)) | V394: =IF(G394="","",ABS(P394-Components!$D$7)) | W394: =IF(G394="","",IF(N394="OK","NONE",INDEX({"S1","S2","W1","W2","N1","N2"},MATCH(MIN(Q394:V394),Q394:V394,0)))) | X394: =IF(G394="","",IF(W394=E394,1,0))
A395: 52 | B395: 48 | C395: R6 | D395: NG | E395: N1 | F395: K052 | G395: 7.43 | J395: =VLOOKUP(C395,Recipes!$A$2:$N$4,10,FALSE()) | K395: =VLOOKUP(C395,Recipes!$A$2:$N$4,12,FALSE()) | L395: =J395-3.5*K395 | M395: =J395+3.5*K395 | N395: =IF(G395="","",IF(AND(G395>=L395,G395<=M395),"OK","NG")) | O395: =IF(N395="","",IF(N395=D395,1,0)) | P395: =IF(G395="","",J395-G395) | Q395: =IF(G395="","",ABS(P395-Components!$D$2)) | R395: =IF(G395="","",ABS(P395-Components!$D$3)) | S395: =IF(G395="","",ABS(P395-Components!$D$4)) | T395: =IF(G395="","",ABS(P395-Components!$D$5)) | U395: =IF(G395="","",ABS(P395-Components!$D$6)) | V395: =IF(G395="","",ABS(P395-Components!$D$7)) | W395: =IF(G395="","",IF(N395="OK","NONE",INDEX({"S1","S2","W1","W2","N1","N2"},MATCH(MIN(Q395:V395),Q395:V395,0)))) | X395: =IF(G395="","",IF(W395=E395,1,0))
A396: 52 | B396: 48 | C396: R6 | D396: NG | E396: N1 | F396: K052 | G396: 7.39 | J396: =VLOOKUP(C396,Recipes!$A$2:$N$4,10,FALSE()) | K396: =VLOOKUP(C396,Recipes!$A$2:$N$4,12,FALSE()) | L396: =J396-3.5*K396 | M396: =J396+3.5*K396 | N396: =IF(G396="","",IF(AND(G396>=L396,G396<=M396),"OK","NG")) | O396: =IF(N396="","",IF(N396=D396,1,0)) | P396: =IF(G396="","",J396-G396) | Q396: =IF(G396="","",ABS(P396-Components!$D$2)) | R396: =IF(G396="","",ABS(P396-Components!$D$3)) | S396: =IF(G396="","",ABS(P396-Components!$D$4)) | T396: =IF(G396="","",ABS(P396-Components!$D$5)) | U396: =IF(G396="","",ABS(P396-Components!$D$6)) | V396: =IF(G396="","",ABS(P396-Components!$D$7)) | W396: =IF(G396="","",IF(N396="OK","NONE",INDEX({"S1","S2","W1","W2","N1","N2"},MATCH(MIN(Q396:V396),Q396:V396,0)))) | X396: =IF(G396="","",IF(W396=E396,1,0))
A397: 52 | B397: 48 | C397: R6 | D397: NG | E397: N1 | F397: K052 | G397: 7.49 | J397: =VLOOKUP(C397,Recipes!$A$2:$N$4,10,FALSE()) | K397: =VLOOKUP(C397,Recipes!$A$2:$N$4,12,FALSE()) | L397: =J397-3.5*K397 | M397: =J397+3.5*K397 | N397: =IF(G397="","",IF(AND(G397>=L397,G397<=M397),"OK","NG")) | O397: =IF(N397="","",IF(N397=D397,1,0)) | P397: =IF(G397="","",J397-G397) | Q397: =IF(G397="","",ABS(P397-Components!$D$2)) | R397: =IF(G397="","",ABS(P397-Components!$D$3)) | S397: =IF(G397="","",ABS(P397-Components!$D$4)) | T397: =IF(G397="","",ABS(P397-Components!$D$5)) | U397: =IF(G397="","",ABS(P397-Components!$D$6)) | V397: =IF(G397="","",ABS(P397-Components!$D$7)) | W397: =IF(G397="","",IF(N397="OK","NONE",INDEX({"S1","S2","W1","W2","N1","N2"},MATCH(MIN(Q397:V397),Q397:V397,0)))) | X397: =IF(G397="","",IF(W397=E397,1,0))
A398: 52 | B398: 48 | C398: R6 | D398: NG | E398: N1 | F398: K052 | G398: 7.48 | J398: =VLOOKUP(C398,Recipes!$A$2:$N$4,10,FALSE()) | K398: =VLOOKUP(C398,Recipes!$A$2:$N$4,12,FALSE()) | L398: =J398-3.5*K398 | M398: =J398+3.5*K398 | N398: =IF(G398="","",IF(AND(G398>=L398,G398<=M398),"OK","NG")) | O398: =IF(N398="","",IF(N398=D398,1,0)) | P398: =IF(G398="","",J398-G398) | Q398: =IF(G398="","",ABS(P398-Components!$D$2)) | R398: =IF(G398="","",ABS(P398-Components!$D$3)) | S398: =IF(G398="","",ABS(P398-Components!$D$4)) | T398: =IF(G398="","",ABS(P398-Components!$D$5)) | U398: =IF(G398="","",ABS(P398-Components!$D$6)) | V398: =IF(G398="","",ABS(P398-Components!$D$7)) | W398: =IF(G398="","",IF(N398="OK","NONE",INDEX({"S1","S2","W1","W2","N1","N2"},MATCH(MIN(Q398:V398),Q398:V398,0)))) | X398: =IF(G398="","",IF(W398=E398,1,0))
A399: 52 | B399: 48 | C399: R6 | D399: NG | E399: N1 | F399: K052 | G399: 7.46 | J399: =VLOOKUP(C399,Recipes!$A$2:$N$4,10,FALSE()) | K399: =VLOOKUP(C399,Recipes!$A$2:$N$4,12,FALSE()) | L399: =J399-3.5*K399 | M399: =J399+3.5*K399 | N399: =IF(G399="","",IF(AND(G399>=L399,G399<=M399),"OK","NG")) | O399: =IF(N399="","",IF(N399=D399,1,0)) | P399: =IF(G399="","",J399-G399) | Q399: =IF(G399="","",ABS(P399-Components!$D$2)) | R399: =IF(G399="","",ABS(P399-Components!$D$3)) | S399: =IF(G399="","",ABS(P399-Components!$D$4)) | T399: =IF(G399="","",ABS(P399-Components!$D$5)) | U399: =IF(G399="","",ABS(P399-Components!$D$6)) | V399: =IF(G399="","",ABS(P399-Components!$D$7)) | W399: =IF(G399="","",IF(N399="OK","NONE",INDEX({"S1","S2","W1","W2","N1","N2"},MATCH(MIN(Q399:V399),Q399:V399,0)))) | X399: =IF(G399="","",IF(W399=E399,1,0))
A400: 52 | B400: 48 | C400: R6 | D400: NG | E400: N1 | F400: K052 | G400: 7.48 | J400: =VLOOKUP(C400,Recipes!$A$2:$N$4,10,FALSE()) | K400: =VLOOKUP(C400,Recipes!$A$2:$N$4,12,FALSE()) | L400: =J400-3.5*K400 | M400: =J400+3.5*K400 | N400: =IF(G400="","",IF(AND(G400>=L400,G400<=M400),"OK","NG")) | O400: =IF(N400="","",IF(N400=D400,1,0)) | P400: =IF(G400="","",J400-G400) | Q400: =IF(G400="","",ABS(P400-Components!$D$2)) | R400: =IF(G400="","",ABS(P400-Components!$D$3)) | S400: =IF(G400="","",ABS(P400-Components!$D$4)) | T400: =IF(G400="","",ABS(P400-Components!$D$5)) | U400: =IF(G400="","",ABS(P400-Components!$D$6)) | V400: =IF(G400="","",ABS(P400-Components!$D$7)) | W400: =IF(G400="","",IF(N400="OK","NONE",INDEX({"S1","S2","W1","W2","N1","N2"},MATCH(MIN(Q400:V400),Q400:V400,0)))) | X400: =IF(G400="","",IF(W400=E400,1,0))
A401: 52 | B401: 48 | C401: R6 | D401: NG | E401: N1 | F401: K052 | G401: 7.45 | J401: =VLOOKUP(C401,Recipes!$A$2:$N$4,10,FALSE()) | K401: =VLOOKUP(C401,Recipes!$A$2:$N$4,12,FALSE()) | L401: =J401-3.5*K401 | M401: =J401+3.5*K401 | N401: =IF(G401="","",IF(AND(G401>=L401,G401<=M401),"OK","NG")) | O401: =IF(N401="","",IF(N401=D401,1,0)) | P401: =IF(G401="","",J401-G401) | Q401: =IF(G401="","",ABS(P401-Components!$D$2)) | R401: =IF(G401="","",ABS(P401-Components!$D$3)) | S401: =IF(G401="","",ABS(P401-Components!$D$4)) | T401: =IF(G401="","",ABS(P401-Components!$D$5)) | U401: =IF(G401="","",ABS(P401-Components!$D$6)) | V401: =IF(G401="","",ABS(P401-Components!$D$7)) | W401: =IF(G401="","",IF(N401="OK","NONE",INDEX({"S1","S2","W1","W2","N1","N2"},MATCH(MIN(Q401:V401),Q401:V401,0)))) | X401: =IF(G401="","",IF(W401=E401,1,0))
A402: 52 | B402: 48 | C402: R6 | D402: NG | E402: N1 | F402: K052 | G402: 7.43 | J402: =VLOOKUP(C402,Recipes!$A$2:$N$4,10,FALSE()) | K402: =VLOOKUP(C402,Recipes!$A$2:$N$4,12,FALSE()) | L402: =J402-3.5*K402 | M402: =J402+3.5*K402 | N402: =IF(G402="","",IF(AND(G402>=L402,G402<=M402),"OK","NG")) | O402: =IF(N402="","",IF(N402=D402,1,0)) | P402: =IF(G402="","",J402-G402) | Q402: =IF(G402="","",ABS(P402-Components!$D$2)) | R402: =IF(G402="","",ABS(P402-Components!$D$3)) | S402: =IF(G402="","",ABS(P402-Components!$D$4)) | T402: =IF(G402="","",ABS(P402-Components!$D$5)) | U402: =IF(G402="","",ABS(P402-Components!$D$6)) | V402: =IF(G402="","",ABS(P402-Components!$D$7)) | W402: =IF(G402="","",IF(N402="OK","NONE",INDEX({"S1","S2","W1","W2","N1","N2"},MATCH(MIN(Q402:V402),Q402:V402,0)))) | X402: =IF(G402="","",IF(W402=E402,1,0))
A403: 52 | B403: 48 | C403: R6 | D403: NG | E403: N1 | F403: K052 | G403: 7.48 | J403: =VLOOKUP(C403,Recipes!$A$2:$N$4,10,FALSE()) | K403: =VLOOKUP(C403,Recipes!$A$2:$N$4,12,FALSE()) | L403: =J403-3.5*K403 | M403: =J403+3.5*K403 | N403: =IF(G403="","",IF(AND(G403>=L403,G403<=M403),"OK","NG")) | O403: =IF(N403="","",IF(N403=D403,1,0)) | P403: =IF(G403="","",J403-G403) | Q403: =IF(G403="","",ABS(P403-Components!$D$2)) | R403: =IF(G403="","",ABS(P403-Components!$D$3)) | S403: =IF(G403="","",ABS(P403-Components!$D$4)) | T403: =IF(G403="","",ABS(P403-Components!$D$5)) | U403: =IF(G403="","",ABS(P403-Components!$D$6)) | V403: =IF(G403="","",ABS(P403-Components!$D$7)) | W403: =IF(G403="","",IF(N403="OK","NONE",INDEX({"S1","S2","W1","W2","N1","N2"},MATCH(MIN(Q403:V403),Q403:V403,0)))) | X403: =IF(G403="","",IF(W403=E403,1,0))
A404: 52 | B404: 48 | C404: R6 | D404: NG | E404: N1 | F404: K052 | G404: 7.46 | J404: =VLOOKUP(C404,Recipes!$A$2:$N$4,10,FALSE()) | K404: =VLOOKUP(C404,Recipes!$A$2:$N$4,12,FALSE()) | L404: =J404-3.5*K404 | M404: =J404+3.5*K404 | N404: =IF(G404="","",IF(AND(G404>=L404,G404<=M404),"OK","NG")) | O404: =IF(N404="","",IF(N404=D404,1,0)) | P404: =IF(G404="","",J404-G404) | Q404: =IF(G404="","",ABS(P404-Components!$D$2)) | R404: =IF(G404="","",ABS(P404-Components!$D$3)) | S404: =IF(G404="","",ABS(P404-Components!$D$4)) | T404: =IF(G404="","",ABS(P404-Components!$D$5)) | U404: =IF(G404="","",ABS(P404-Components!$D$6)) | V404: =IF(G404="","",ABS(P404-Components!$D$7)) | W404: =IF(G404="","",IF(N404="OK","NONE",INDEX({"S1","S2","W1","W2","N1","N2"},MATCH(MIN(Q404:V404),Q404:V404,0)))) | X404: =IF(G404="","",IF(W404=E404,1,0))
... A418: 53 | B418: 2 | C418: R6 | D418: NG | E418: N1 | F418: K053 | G418: 7.45 | J418: =VLOOKUP(C418,Recipes!$A$2:$N$4,10,FALSE()) | K418: =VLOOKUP(C418,Recipes!$A$2:$N$4,12,FALSE()) | L418: =J418-3.5*K418 | M418: =J418+3.5*K418 | N418: =IF(G418="","",IF(AND(G418>=L418,G418<=M418),"OK","NG")) | O418: =IF(N418="","",IF(N418=D418,1,0)) | P418: =IF(G418="","",J418-G418) | Q418: =IF(G418="","",ABS(P418-Components!$D$2)) | R418: =IF(G418="","",ABS(P418-Components!$D$3)) | S418: =IF(G418="","",ABS(P418-Components!$D$4)) | T418: =IF(G418="","",ABS(P418-Components!$D$5)) | U418: =IF(G418="","",ABS(P418-Components!$D$6)) | V418: =IF(G418="","",ABS(P418-Components!$D$7)) | W418: =IF(G418="","",IF(N418="OK","NONE",INDEX({"S1","S2","W1","W2","N1","N2"},MATCH(MIN(Q418:V418),Q418:V418,0)))) | X418: =IF(G418="","",IF(W418=E418,1,0))
C419: R6 | D419: NG | E419: N1 | G419: 7.44 | J419: =VLOOKUP(C419,Recipes!$A$2:$N$4,10,FALSE()) | K419: =VLOOKUP(C419,Recipes!$A$2:$N$4,12,FALSE()) | L419: =J419-3.5*K419 | M419: =J419+3.5*K419 | N419: =IF(G419="","",IF(AND(G419>=L419,G419<=M419),"OK","NG")) | O419: =IF(N419="","",IF(N419=D419,1,0)) | P419: =IF(G419="","",J419-G419) | Q419: =IF(G419="","",ABS(P419-Components!$D$2)) | R419: =IF(G419="","",ABS(P419-Components!$D$3)) | S419: =IF(G419="","",ABS(P419-Components!$D$4)) | T419: =IF(G419="","",ABS(P419-Components!$D$5)) | U419: =IF(G419="","",ABS(P419-Components!$D$6)) | V419: =IF(G419="","",ABS(P419-Components!$D$7)) | W419: =IF(G419="","",IF(N419="OK","NONE",INDEX({"S1","S2","W1","W2","N1","N2"},MATCH(MIN(Q419:V419),Q419:V419,0)))) | X419: =IF(G419="","",IF(W419=E419,1,0))
C420: R6 | D420: NG | E420: N1 | G420: 7.46 | J420: =VLOOKUP(C420,Recipes!$A$2:$N$4,10,FALSE()) | K420: =VLOOKUP(C420,Recipes!$A$2:$N$4,12,FALSE()) | L420: =J420-3.5*K420 | M420: =J420+3.5*K420 | N420: =IF(G420="","",IF(AND(G420>=L420,G420<=M420),"OK","NG")) | O420: =IF(N420="","",IF(N420=D420,1,0)) | P420: =IF(G420="","",J420-G420) | Q420: =IF(G420="","",ABS(P420-Components!$D$2)) | R420: =IF(G420="","",ABS(P420-Components!$D$3)) | S420: =IF(G420="","",ABS(P420-Components!$D$4)) | T420: =IF(G420="","",ABS(P420-Components!$D$5)) | U420: =IF(G420="","",ABS(P420-Components!$D$6)) | V420: =IF(G420="","",ABS(P420-Components!$D$7)) | W420: =IF(G420="","",IF(N420="OK","NONE",INDEX({"S1","S2","W1","W2","N1","N2"},MATCH(MIN(Q420:V420),Q420:V420,0)))) | X420: =IF(G420="","",IF(W420=E420,1,0))
A421: 52 | B421: 48 | C421: R6 | D421: NG | E421: N1 | F421: K052 | G421: 7.25 | J421: =VLOOKUP(C421,Recipes!$A$2:$N$4,10,FALSE()) | K421: =VLOOKUP(C421,Recipes!$A$2:$N$4,12,FALSE()) | L421: =J421-3.5*K421 | M421: =J421+3.5*K421 | N421: =IF(G421="","",IF(AND(G421>=L421,G421<=M421),"OK","NG")) | O421: =IF(N421="","",IF(N421=D421,1,0)) | P421: =IF(G421="","",J421-G421) | Q421: =IF(G421="","",ABS(P421-Components!$D$2)) | R421: =IF(G421="","",ABS(P421-Components!$D$3)) | S421: =IF(G421="","",ABS(P421-Components!$D$4)) | T421: =IF(G421="","",ABS(P421-Components!$D$5)) | U421: =IF(G421="","",ABS(P421-Components!$D$6)) | V421: =IF(G421="","",ABS(P421-Components!$D$7)) | W421: =IF(G421="","",IF(N421="OK","NONE",INDEX({"S1","S2","W1","W2","N1","N2"},MATCH(MIN(Q421:V421),Q421:V421,0)))) | X421: =IF(G421="","",IF(W421=E421,1,0))
C422: R6 | D422: NG | E422: N1 | G422: 7.47 | J422: =VLOOKUP(C422,Recipes!$A$2:$N$4,10,FALSE()) | K422: =VLOOKUP(C422,Recipes!$A$2:$N$4,12,FALSE()) | L422: =J422-3.5*K422 | M422: =J422+3.5*K422 | N422: =IF(G422="","",IF(AND(G422>=L422,G422<=M422),"OK","NG")) | O422: =IF(N422="","",IF(N422=D422,1,0)) | P422: =IF(G422="","",J422-G422) | Q422: =IF(G422="","",ABS(P422-Components!$D$2)) | R422: =IF(G422="","",ABS(P422-Components!$D$3)) | S422: =IF(G422="","",ABS(P422-Components!$D$4)) | T422: =IF(G422="","",ABS(P422-Components!$D$5)) | U422: =IF(G422="","",ABS(P422-Components!$D$6)) | V422: =IF(G422="","",ABS(P422-Components!$D$7)) | W422: =IF(G422="","",IF(N422="OK","NONE",INDEX({"S1","S2","W1","W2","N1","N2"},MATCH(MIN(Q422:V422),Q422:V422,0)))) | X422: =IF(G422="","",IF(W422=E422,1,0))

Sheet Runs 1.0 + 6 sigma
A2: run_id | B2: execution_order | C2: recipe | D2: condition | E2: missing_component | F2: kit_id | G2: measured_weight_g | H2: timestamp | I2: notes | J2: expected_weight | K2: expected_std | L2: lower_bound | M2: upper_bound | N2: predicted_OK_NG | O2: L1_correct | P2: deficit | Q2: match_S1 | R2: match_S2 | S2: match_W1 | T2: match_W2 | U2: match_N1 | V2: match_N2 | W2: predicted_missing | X2: L2_correct | Y2: 15 errores
A3: 1 | B3: 31 | C3: R3 | D3: OK | E3: NONE | F3: K001 | G3: 9.91 | J3: =VLOOKUP(C3,Recipes!$A$2:$N$4,10,FALSE()) | K3: =VLOOKUP(C3,Recipes!$A$2:$N$4,12,FALSE()) | L3: =J3-6*K3 | M3: =J3+6*K3 | N3: =IF(G3="","",IF(AND(G3>=L3,G3<=M3),"OK","NG")) | O3: =IF(N3="","",IF(N3=D3,1,0)) | P3: =IF(G3="","",J3-G3) | Q3: =IF(G3="","",ABS(P3-Components!$D$2)) | R3: =IF(G3="","",ABS(P3-Components!$D$3)) | S3: =IF(G3="","",ABS(P3-Components!$D$4)) | T3: =IF(G3="","",ABS(P3-Components!$D$5)) | U3: =IF(G3="","",ABS(P3-Components!$D$6)) | V3: =IF(G3="","",ABS(P3-Components!$D$7)) | W3: =IF(G3="","",IF(N3="OK","NONE",INDEX({"S1","S2","W1","W2","N1","N2"},MATCH(MIN(Q3:V3),Q3:V3,0)))) | X3: =IF(G3="","",IF(W3=E3,1,0))
A4: 2 | B4: 24 | C4: R3 | D4: OK | E4: NONE | F4: K002 | G4: 10 | J4: =VLOOKUP(C4,Recipes!$A$2:$N$4,10,FALSE()) | K4: =VLOOKUP(C4,Recipes!$A$2:$N$4,12,FALSE()) | L4: =J4-6*K4 | M4: =J4+6*K4 | N4: =IF(G4="","",IF(AND(G4>=L4,G4<=M4),"OK","NG")) | O4: =IF(N4="","",IF(N4=D4,1,0)) | P4: =IF(G4="","",J4-G4) | Q4: =IF(G4="","",ABS(P4-Components!$D$2)) | R4: =IF(G4="","",ABS(P4-Components!$D$3)) | S4: =IF(G4="","",ABS(P4-Components!$D$4)) | T4: =IF(G4="","",ABS(P4-Components!$D$5)) | U4: =IF(G4="","",ABS(P4-Components!$D$6)) | V4: =IF(G4="","",ABS(P4-Components!$D$7)) | W4: =IF(G4="","",IF(N4="OK","NONE",INDEX({"S1","S2","W1","W2","N1","N2"},MATCH(MIN(Q4:V4),Q4:V4,0)))) | X4: =IF(G4="","",IF(W4=E4,1,0))
A5: 3 | B5: 50 | C5: R3 | D5: OK | E5: NONE | F5: K003 | G5: 10 | J5: =VLOOKUP(C5,Recipes!$A$2:$N$4,10,FALSE()) | K5: =VLOOKUP(C5,Recipes!$A$2:$N$4,12,FALSE()) | L5: =J5-6*K5 | M5: =J5+6*K5 | N5: =IF(G5="","",IF(AND(G5>=L5,G5<=M5),"OK","NG")) | O5: =IF(N5="","",IF(N5=D5,1,0)) | P5: =IF(G5="","",J5-G5) | Q5: =IF(G5="","",ABS(P5-Components!$D$2)) | R5: =IF(G5="","",ABS(P5-Components!$D$3)) | S5: =IF(G5="","",ABS(P5-Components!$D$4)) | T5: =IF(G5="","",ABS(P5-Components!$D$5)) | U5: =IF(G5="","",ABS(P5-Components!$D$6)) | V5: =IF(G5="","",ABS(P5-Components!$D$7)) | W5: =IF(G5="","",IF(N5="OK","NONE",INDEX({"S1","S2","W1","W2","N1","N2"},MATCH(MIN(Q5:V5),Q5:V5,0)))) | X5: =IF(G5="","",IF(W5=E5,1,0))
A6: 4 | B6: 12 | C6: R3 | D6: OK | E6: NONE | F6: K004 | G6: 9.91 | J6: =VLOOKUP(C6,Recipes!$A$2:$N$4,10,FALSE()) | K6: =VLOOKUP(C6,Recipes!$A$2:$N$4,12,FALSE()) | L6: =J6-6*K6 | M6: =J6+6*K6 | N6: =IF(G6="","",IF(AND(G6>=L6,G6<=M6),"OK","NG")) | O6: =IF(N6="","",IF(N6=D6,1,0)) | P6: =IF(G6="","",J6-G6) | Q6: =IF(G6="","",ABS(P6-Components!$D$2)) | R6: =IF(G6="","",ABS(P6-Components!$D$3)) | S6: =IF(G6="","",ABS(P6-Components!$D$4)) | T6: =IF(G6="","",ABS(P6-Components!$D$5)) | U6: =IF(G6="","",ABS(P6-Components!$D$6)) | V6: =IF(G6="","",ABS(P6-Components!$D$7)) | W6: =IF(G6="","",IF(N6="OK","NONE",INDEX({"S1","S2","W1","W2","N1","N2"},MATCH(MIN(Q6:V6),Q6:V6,0)))) | X6: =IF(G6="","",IF(W6=E6,1,0))
A7: 5 | B7: 17 | C7: R3 | D7: OK | E7: NONE | F7: K005 | G7: 10.04 | J7: =VLOOKUP(C7,Recipes!$A$2:$N$4,10,FALSE()) | K7: =VLOOKUP(C7,Recipes!$A$2:$N$4,12,FALSE()) | L7: =J7-6*K7 | M7: =J7+6*K7 | N7: =IF(G7="","",IF(AND(G7>=L7,G7<=M7),"OK","NG")) | O7: =IF(N7="","",IF(N7=D7,1,0)) | P7: =IF(G7="","",J7-G7) | Q7: =IF(G7="","",ABS(P7-Components!$D$2)) | R7: =IF(G7="","",ABS(P7-Components!$D$3)) | S7: =IF(G7="","",ABS(P7-Components!$D$4)) | T7: =IF(G7="","",ABS(P7-Components!$D$5)) | U7: =IF(G7="","",ABS(P7-Components!$D$6)) | V7: =IF(G7="","",ABS(P7-Components!$D$7)) | W7: =IF(G7="","",IF(N7="OK","NONE",INDEX({"S1","S2","W1","W2","N1","N2"},MATCH(MIN(Q7:V7),Q7:V7,0)))) | X7: =IF(G7="","",IF(W7=E7,1,0))
A8: 5 | B8: 17 | C8: R3 | D8: OK | E8: NONE | F8: K005 | G8: 9.84 | J8: =VLOOKUP(C8,Recipes!$A$2:$N$4,10,FALSE()) | K8: =VLOOKUP(C8,Recipes!$A$2:$N$4,12,FALSE()) | L8: =J8-6*K8 | M8: =J8+6*K8 | N8: =IF(G8="","",IF(AND(G8>=L8,G8<=M8),"OK","NG")) | O8: =IF(N8="","",IF(N8=D8,1,0)) | P8: =IF(G8="","",J8-G8) | Q8: =IF(G8="","",ABS(P8-Components!$D$2)) | R8: =IF(G8="","",ABS(P8-Components!$D$3)) | S8: =IF(G8="","",ABS(P8-Components!$D$4)) | T8: =IF(G8="","",ABS(P8-Components!$D$5)) | U8: =IF(G8="","",ABS(P8-Components!$D$6)) | V8: =IF(G8="","",ABS(P8-Components!$D$7)) | W8: =IF(G8="","",IF(N8="OK","NONE",INDEX({"S1","S2","W1","W2","N1","N2"},MATCH(MIN(Q8:V8),Q8:V8,0)))) | X8: =IF(G8="","",IF(W8=E8,1,0))
A9: 5 | B9: 17 | C9: R3 | D9: OK | E9: NONE | F9: K005 | G9: 9.9 | J9: =VLOOKUP(C9,Recipes!$A$2:$N$4,10,FALSE()) | K9: =VLOOKUP(C9,Recipes!$A$2:$N$4,12,FALSE()) | L9: =J9-6*K9 | M9: =J9+6*K9 | N9: =IF(G9="","",IF(AND(G9>=L9,G9<=M9),"OK","NG")) | O9: =IF(N9="","",IF(N9=D9,1,0)) | P9: =IF(G9="","",J9-G9) | Q9: =IF(G9="","",ABS(P9-Components!$D$2)) | R9: =IF(G9="","",ABS(P9-Components!$D$3)) | S9: =IF(G9="","",ABS(P9-Components!$D$4)) | T9: =IF(G9="","",ABS(P9-Components!$D$5)) | U9: =IF(G9="","",ABS(P9-Components!$D$6)) | V9: =IF(G9="","",ABS(P9-Components!$D$7)) | W9: =IF(G9="","",IF(N9="OK","NONE",INDEX({"S1","S2","W1","W2","N1","N2"},MATCH(MIN(Q9:V9),Q9:V9,0)))) | X9: =IF(G9="","",IF(W9=E9,1,0))
A10: 5 | B10: 17 | C10: R3 | D10: OK | E10: NONE | F10: K005 | G10: 9.92 | J10: =VLOOKUP(C10,Recipes!$A$2:$N$4,10,FALSE()) | K10: =VLOOKUP(C10,Recipes!$A$2:$N$4,12,FALSE()) | L10: =J10-6*K10 | M10: =J10+6*K10 | N10: =IF(G10="","",IF(AND(G10>=L10,G10<=M10),"OK","NG")) | O10: =IF(N10="","",IF(N10=D10,1,0)) | P10: =IF(G10="","",J10-G10) | Q10: =IF(G10="","",ABS(P10-Components!$D$2)) | R10: =IF(G10="","",ABS(P10-Components!$D$3)) | S10: =IF(G10="","",ABS(P10-Components!$D$4)) | T10: =IF(G10="","",ABS(P10-Components!$D$5)) | U10: =IF(G10="","",ABS(P10-Components!$D$6)) | V10: =IF(G10="","",ABS(P10-Components!$D$7)) | W10: =IF(G10="","",IF(N10="OK","NONE",INDEX({"S1","S2","W1","W2","N1","N2"},MATCH(MIN(Q10:V10),Q10:V10,0)))) | X10: =IF(G10="","",IF(W10=E10,1,0))
A11: 5 | B11: 17 | C11: R3 | D11: OK | E11: NONE | F11: K005 | G11: 9.95 | J11: =VLOOKUP(C11,Recipes!$A$2:$N$4,10,FALSE()) | K11: =VLOOKUP(C11,Recipes!$A$2:$N$4,12,FALSE()) | L11: =J11-6*K11 | M11: =J11+6*K11 | N11: =IF(G11="","",IF(AND(G11>=L11,G11<=M11),"OK","NG")) | O11: =IF(N11="","",IF(N11=D11,1,0)) | P11: =IF(G11="","",J11-G11) | Q11: =IF(G11="","",ABS(P11-Components!$D$2)) | R11: =IF(G11="","",ABS(P11-Components!$D$3)) | S11: =IF(G11="","",ABS(P11-Components!$D$4)) | T11: =IF(G11="","",ABS(P11-Components!$D$5)) | U11: =IF(G11="","",ABS(P11-Components!$D$6)) | V11: =IF(G11="","",ABS(P11-Components!$D$7)) | W11: =IF(G11="","",IF(N11="OK","NONE",INDEX({"S1","S2","W1","W2","N1","N2"},MATCH(MIN(Q11:V11),Q11:V11,0)))) | X11: =IF(G11="","",IF(W11=E11,1,0))
A12: 5 | B12: 17 | C12: R3 | D12: OK | E12: NONE | F12: K005 | G12: 9.87 | J12: =VLOOKUP(C12,Recipes!$A$2:$N$4,10,FALSE()) | K12: =VLOOKUP(C12,Recipes!$A$2:$N$4,12,FALSE()) | L12: =J12-6*K12 | M12: =J12+6*K12 | N12: =IF(G12="","",IF(AND(G12>=L12,G12<=M12),"OK","NG")) | O12: =IF(N12="","",IF(N12=D12,1,0)) | P12: =IF(G12="","",J12-G12) | Q12: =IF(G12="","",ABS(P12-Components!$D$2)) | R12: =IF(G12="","",ABS(P12-Components!$D$3)) | S12: =IF(G12="","",ABS(P12-Components!$D$4)) | T12: =IF(G12="","",ABS(P12-Components!$D$5)) | U12: =IF(G12="","",ABS(P12-Components!$D$6)) | V12: =IF(G12="","",ABS(P12-Components!$D$7)) | W12: =IF(G12="","",IF(N12="OK","NONE",INDEX({"S1","S2","W1","W2","N1","N2"},MATCH(MIN(Q12:V12),Q12:V12,0)))) | X12: =IF(G12="","",IF(W12=E12,1,0))
A13: 5 | B13: 17 | C13: R3 | D13: OK | E13: NONE | F13: K005 | G13: 9.88 | J13: =VLOOKUP(C13,Recipes!$A$2:$N$4,10,FALSE()) | K13: =VLOOKUP(C13,Recipes!$A$2:$N$4,12,FALSE()) | L13: =J13-6*K13 | M13: =J13+6*K13 | N13: =IF(G13="","",IF(AND(G13>=L13,G13<=M13),"OK","NG")) | O13: =IF(N13="","",IF(N13=D13,1,0)) | P13: =IF(G13="","",J13-G13) | Q13: =IF(G13="","",ABS(P13-Components!$D$2)) | R13: =IF(G13="","",ABS(P13-Components!$D$3)) | S13: =IF(G13="","",ABS(P13-Components!$D$4)) | T13: =IF(G13="","",ABS(P13-Components!$D$5)) | U13: =IF(G13="","",ABS(P13-Components!$D$6)) | V13: =IF(G13="","",ABS(P13-Components!$D$7)) | W13: =IF(G13="","",IF(N13="OK","NONE",INDEX({"S1","S2","W1","W2","N1","N2"},MATCH(MIN(Q13:V13),Q13:V13,0)))) | X13: =IF(G13="","",IF(W13=E13,1,0))
A14: 5 | B14: 17 | C14: R3 | D14: OK | E14: NONE | F14: K005 | G14: 9.91 | J14: =VLOOKUP(C14,Recipes!$A$2:$N$4,10,FALSE()) | K14: =VLOOKUP(C14,Recipes!$A$2:$N$4,12,FALSE()) | L14: =J14-6*K14 | M14: =J14+6*K14 | N14: =IF(G14="","",IF(AND(G14>=L14,G14<=M14),"OK","NG")) | O14: =IF(N14="","",IF(N14=D14,1,0)) | P14: =IF(G14="","",J14-G14) | Q14: =IF(G14="","",ABS(P14-Components!$D$2)) | R14: =IF(G14="","",ABS(P14-Components!$D$3)) | S14: =IF(G14="","",ABS(P14-Components!$D$4)) | T14: =IF(G14="","",ABS(P14-Components!$D$5)) | U14: =IF(G14="","",ABS(P14-Components!$D$6)) | V14: =IF(G14="","",ABS(P14-Components!$D$7)) | W14: =IF(G14="","",IF(N14="OK","NONE",INDEX({"S1","S2","W1","W2","N1","N2"},MATCH(MIN(Q14:V14),Q14:V14,0)))) | X14: =IF(G14="","",IF(W14=E14,1,0))
... A156: 29 | B156: 52 | C156: R4 | D156: NG | E156: S1 | F156: K029 | G156: 6.12 | J156: =VLOOKUP(C156,Recipes!$A$2:$N$4,10,FALSE()) | K156: =VLOOKUP(C156,Recipes!$A$2:$N$4,12,FALSE()) | L156: =J156-6*K156 | M156: =J156+6*K156 | N156: =IF(G156="","",IF(AND(G156>=L156,G156<=M156),"OK","NG")) | O156: =IF(N156="","",IF(N156=D156,1,0)) | P156: =IF(G156="","",J156-G156) | Q156: =IF(G156="","",ABS(P156-Components!$D$2)) | R156: =IF(G156="","",ABS(P156-Components!$D$3)) | S156: =IF(G156="","",ABS(P156-Components!$D$4)) | T156: =IF(G156="","",ABS(P156-Components!$D$5)) | U156: =IF(G156="","",ABS(P156-Components!$D$6)) | V156: =IF(G156="","",ABS(P156-Components!$D$7)) | W156: =IF(G156="","",IF(N156="OK","NONE",INDEX({"S1","S2","W1","W2","N1","N2"},MATCH(MIN(Q156:V156),Q156:V156,0)))) | X156: =IF(G156="","",IF(W156=E156,1,0))
A157: 41 | B157: 7 | C157: R4 | D157: NG | E157: S1 | F157: K041 | G157: 6.16 | J157: =VLOOKUP(C155,Recipes!$A$2:$N$4,10,FALSE()) | K157: =VLOOKUP(C157,Recipes!$A$2:$N$4,12,FALSE()) | L157: =J157-6*K157 | M157: =J157+6*K157 | N157: =IF(G157="","",IF(AND(G157>=L157,G157<=M157),"OK","NG")) | O157: =IF(N157="","",IF(N157=D157,1,0)) | P157: =IF(G157="","",J157-G157) | Q157: =IF(G157="","",ABS(P157-Components!$D$2)) | R157: =IF(G157="","",ABS(P157-Components!$D$3)) | S157: =IF(G157="","",ABS(P157-Components!$D$3)) | T157: =IF(G157="","",ABS(P157-Components!$D$5)) | U157: =IF(G157="","",ABS(P157-Components!$D$6)) | V157: =IF(G157="","",ABS(P157-Components!$D$7)) | W157: =IF(G157="","",IF(N157="OK","NONE",INDEX({"S1","S2","W1","W2","N1","N2"},MATCH(MIN(Q157:V157),Q157:V157,0)))) | X157: =IF(G157="","",IF(W157=E157,1,0))
A158: 39.8 | B158: 26.7 | C158: R4 | D158: NG | E158: S1 | F158: K026 | G158: 6.19 | J158: =VLOOKUP(C158,Recipes!$A$2:$N$4,10,FALSE()) | K158: =VLOOKUP(C158,Recipes!$A$2:$N$4,12,FALSE()) | L158: =J158-6*K158 | M158: =J158+6*K158 | N158: =IF(G158="","",IF(AND(G158>=L158,G158<=M158),"OK","NG")) | O158: =IF(N158="","",IF(N158=D158,1,0)) | P158: =IF(G158="","",J158-G158) | Q158: =IF(G158="","",ABS(P158-Components!$D$2)) | R158: =IF(G158="","",ABS(P158-Components!$D$3)) | S158: =IF(G158="","",ABS(P158-Components!$D$4)) | T158: =IF(G158="","",ABS(P158-Components!$D$5)) | U158: =IF(G158="","",ABS(P158-Components!$D$6)) | V158: =IF(G158="","",ABS(P158-Components!$D$7)) | W158: =IF(G158="","",IF(N158="OK","NONE",INDEX({"S1","S2","W1","W2","N1","N2"},MATCH(MIN(Q158:V158),Q158:V158,0)))) | X158: =IF(G158="","",IF(W158=E158,1,0))
A159: 43 | B159: 28.2 | C159: R4 | D159: NG | E159: S1 | F159: K027 | G159: 6.18 | J159: =VLOOKUP(C159,Recipes!$A$2:$N$4,10,FALSE()) | K159: =VLOOKUP(C159,Recipes!$A$2:$N$4,12,FALSE()) | L159: =J159-6*K159 | M159: =J159+6*K159 | N159: =IF(G159="","",IF(AND(G159>=L159,G159<=M159),"OK","NG")) | O159: =IF(N159="","",IF(N159=D159,1,0)) | P159: =IF(G159="","",J159-G159) | Q159: =IF(G159="","",ABS(P159-Components!$D$2)) | R159: =IF(G159="","",ABS(P159-Components!$D$3)) | S159: =IF(G159="","",ABS(P159-Components!$D$4)) | T159: =IF(G159="","",ABS(P159-Components!$D$5)) | U159: =IF(G159="","",ABS(P159-Components!$D$6)) | V159: =IF(G159="","",ABS(P159-Components!$D$7)) | W159: =IF(G159="","",IF(N159="OK","NONE",INDEX({"S1","S2","W1","W2","N1","N2"},MATCH(MIN(Q159:V159),Q159:V159,0)))) | X159: =IF(G159="","",IF(W159=E159,1,0))
A160: 46.2 | B160: 29.7 | C160: R4 | D160: NG | E160: S1 | F160: K028 | G160: 6.13 | J160: =VLOOKUP(C160,Recipes!$A$2:$N$4,10,FALSE()) | K160: =VLOOKUP(C160,Recipes!$A$2:$N$4,12,FALSE()) | L160: =J160-6*K160 | M160: =J160+6*K160 | N160: =IF(G160="","",IF(AND(G160>=L160,G160<=M160),"OK","NG")) | O160: =IF(N160="","",IF(N160=D160,1,0)) | P160: =IF(G160="","",J160-G160) | Q160: =IF(G160="","",ABS(P160-Components!$D$2)) | R160: =IF(G160="","",ABS(P160-Components!$D$3)) | S160: =IF(G160="","",ABS(P160-Components!$D$4)) | T160: =IF(G160="","",ABS(P160-Components!$D$5)) | U160: =IF(G160="","",ABS(P160-Components!$D$6)) | V160: =IF(G160="","",ABS(P160-Components!$D$7)) | W160: =IF(G160="","",IF(N160="OK","NONE",INDEX({"S1","S2","W1","W2","N1","N2"},MATCH(MIN(Q160:V160),Q160:V160,0)))) | X160: =IF(G160="","",IF(W160=E160,1,0))
A161: 49.4 | B161: 31.2 | C161: R4 | D161: NG | E161: S1 | F161: K029 | G161: 6.22 | J161: =VLOOKUP(C161,Recipes!$A$2:$N$4,10,FALSE()) | K161: =VLOOKUP(C161,Recipes!$A$2:$N$4,12,FALSE()) | L161: =J161-6*K161 | M161: =J161+6*K161 | N161: =IF(G161="","",IF(AND(G161>=L161,G161<=M161),"OK","NG")) | O161: =IF(N161="","",IF(N161=D161,1,0)) | P161: =IF(G161="","",J161-G161) | Q161: =IF(G161="","",ABS(P161-Components!$D$2)) | R161: =IF(G161="","",ABS(P161-Components!$D$3)) | S161: =IF(G161="","",ABS(P161-Components!$D$4)) | T161: =IF(G161="","",ABS(P161-Components!$D$5)) | U161: =IF(G161="","",ABS(P161-Components!$D$6)) | V161: =IF(G161="","",ABS(P161-Components!$D$7)) | W161: =IF(G161="","",IF(N161="OK","NONE",INDEX({"S1","S2","W1","W2","N1","N2"},MATCH(MIN(Q161:V161),Q161:V161,0)))) | X161: =IF(G161="","",IF(W161=E161,1,0))
A162: 52.6 | B162: 32.7 | C162: R4 | D162: NG | E162: S1 | F162: K041 | G162: 6.17 | J162: =VLOOKUP(C162,Recipes!$A$2:$N$4,10,FALSE()) | K162: =VLOOKUP(C162,Recipes!$A$2:$N$4,12,FALSE()) | L162: =J162-6*K162 | M162: =J162+6*K162 | N162: =IF(G162="","",IF(AND(G162>=L162,G162<=M162),"OK","NG")) | O162: =IF(N162="","",IF(N162=D162,1,0)) | P162: =IF(G162="","",J162-G162) | Q162: =IF(G162="","",ABS(P162-Components!$D$2)) | R162: =IF(G162="","",ABS(P162-Components!$D$3)) | S162: =IF(G162="","",ABS(P162-Components!$D$4)) | T162: =IF(G162="","",ABS(P162-Components!$D$5)) | U162: =IF(G162="","",ABS(P162-Components!$D$6)) | V162: =IF(G162="","",ABS(P162-Components!$D$7)) | W162: =IF(G162="","",IF(N162="OK","NONE",INDEX({"S1","S2","W1","W2","N1","N2"},MATCH(MIN(Q162:V162),Q162:V162,0)))) | X162: =IF(G162="","",IF(W162=E162,1,0))
A163: 55.8 | B163: 34.2 | C163: R4 | D163: NG | E163: S1 | F163: K026 | G163: 6.16 | J163: =VLOOKUP(C163,Recipes!$A$2:$N$4,10,FALSE()) | K163: =VLOOKUP(C163,Recipes!$A$2:$N$4,12,FALSE()) | L163: =J163-6*K163 | M163: =J163+6*K163 | N163: =IF(G163="","",IF(AND(G163>=L163,G163<=M163),"OK","NG")) | O163: =IF(N163="","",IF(N163=D163,1,0)) | P163: =IF(G163="","",J163-G163) | Q163: =IF(G163="","",ABS(P163-Components!$D$2)) | R163: =IF(G163="","",ABS(P163-Components!$D$3)) | S163: =IF(G163="","",ABS(P163-Components!$D$4)) | T163: =IF(G163="","",ABS(P163-Components!$D$5)) | U163: =IF(G163="","",ABS(P163-Components!$D$6)) | V163: =IF(G163="","",ABS(P163-Components!$D$7)) | W163: =IF(G163="","",IF(N163="OK","NONE",INDEX({"S1","S2","W1","W2","N1","N2"},MATCH(MIN(Q163:V163),Q163:V163,0)))) | X163: =IF(G163="","",IF(W163=E163,1,0))
A164: 59 | B164: 35.7 | C164: R4 | D164: NG | E164: S1 | F164: K027 | G164: 6.17 | J164: =VLOOKUP(C164,Recipes!$A$2:$N$4,10,FALSE()) | K164: =VLOOKUP(C164,Recipes!$A$2:$N$4,12,FALSE()) | L164: =J164-6*K164 | M164: =J164+6*K164 | N164: =IF(G164="","",IF(AND(G164>=L164,G164<=M164),"OK","NG")) | O164: =IF(N164="","",IF(N164=D164,1,0)) | P164: =IF(G164="","",J164-G164) | Q164: =IF(G164="","",ABS(P164-Components!$D$2)) | R164: =IF(G164="","",ABS(P164-Components!$D$3)) | S164: =IF(G164="","",ABS(P164-Components!$D$4)) | T164: =IF(G164="","",ABS(P164-Components!$D$5)) | U164: =IF(G164="","",ABS(P164-Components!$D$6)) | V164: =IF(G164="","",ABS(P164-Components!$D$7)) | W164: =IF(G164="","",IF(N164="OK","NONE",INDEX({"S1","S2","W1","W2","N1","N2"},MATCH(MIN(Q164:V164),Q164:V164,0)))) | X164: =IF(G164="","",IF(W164=E164,1,0))
A165: 62.2 | B165: 37.2 | C165: R4 | D165: NG | E165: S1 | F165: K028 | G165: 6.14 | J165: =VLOOKUP(C165,Recipes!$A$2:$N$4,10,FALSE()) | K165: =VLOOKUP(C165,Recipes!$A$2:$N$4,12,FALSE()) | L165: =J165-6*K165 | M165: =J165+6*K165 | N165: =IF(G165="","",IF(AND(G165>=L165,G165<=M165),"OK","NG")) | O165: =IF(N165="","",IF(N165=D165,1,0)) | P165: =IF(G165="","",J165-G165) | Q165: =IF(G165="","",ABS(P165-Components!$D$2)) | R165: =IF(G165="","",ABS(P165-Components!$D$3)) | S165: =IF(G165="","",ABS(P165-Components!$D$4)) | T165: =IF(G165="","",ABS(P165-Components!$D$5)) | U165: =IF(G165="","",ABS(P165-Components!$D$6)) | V165: =IF(G165="","",ABS(P165-Components!$D$7)) | W165: =IF(G165="","",IF(N165="OK","NONE",INDEX({"S1","S2","W1","W2","N1","N2"},MATCH(MIN(Q165:V165),Q165:V165,0)))) | X165: =IF(G165="","",IF(W165=E165,1,0))
A166: 65.4 | B166: 38.7 | C166: R4 | D166: NG | E166: S1 | F166: K029 | G166: 6.2 | J166: =VLOOKUP(C166,Recipes!$A$2:$N$4,10,FALSE()) | K166: =VLOOKUP(C166,Recipes!$A$2:$N$4,12,FALSE()) | L166: =J166-6*K166 | M166: =J166+6*K166 | N166: =IF(G166="","",IF(AND(G166>=L166,G166<=M166),"OK","NG")) | O166: =IF(N166="","",IF(N166=D166,1,0)) | P166: =IF(G166="","",J166-G166) | Q166: =IF(G166="","",ABS(P166-Components!$D$2)) | R166: =IF(G166="","",ABS(P166-Components!$D$3)) | S166: =IF(G166="","",ABS(P166-Components!$D$4)) | T166: =IF(G166="","",ABS(P166-Components!$D$5)) | U166: =IF(G166="","",ABS(P166-Components!$D$6)) | V166: =IF(G166="","",ABS(P166-Components!$D$7)) | W166: =IF(G166="","",IF(N166="OK","NONE",INDEX({"S1","S2","W1","W2","N1","N2"},MATCH(MIN(Q166:V166),Q166:V166,0)))) | X166: =IF(G166="","",IF(W166=E166,1,0))
A167: 68.6 | B167: 40.2 | C167: R4 | D167: NG | E167: S1 | F167: K041 | G167: 6.19 | J167: =VLOOKUP(C167,Recipes!$A$2:$N$4,10,FALSE()) | K167: =VLOOKUP(C167,Recipes!$A$2:$N$4,12,FALSE()) | L167: =J167-6*K167 | M167: =J167+6*K167 | N167: =IF(G167="","",IF(AND(G167>=L167,G167<=M167),"OK","NG")) | O167: =IF(N167="","",IF(N167=D167,1,0)) | P167: =IF(G167="","",J167-G167) | Q167: =IF(G167="","",ABS(P167-Components!$D$2)) | R167: =IF(G167="","",ABS(P167-Components!$D$3)) | S167: =IF(G167="","",ABS(P167-Components!$D$4)) | T167: =IF(G167="","",ABS(P167-Components!$D$5)) | U167: =IF(G167="","",ABS(P167-Components!$D$6)) | V167: =IF(G167="","",ABS(P167-Components!$D$7)) | W167: =IF(G167="","",IF(N167="OK","NONE",INDEX({"S1","S2","W1","W2","N1","N2"},MATCH(MIN(Q167:V167),Q167:V167,0)))) | X167: =IF(G167="","",IF(W167=E167,1,0))
A168: 71.8 | B168: 41.7 | C168: R4 | D168: NG | E168: S1 | F168: K026 | G168: 6.19 | J168: =VLOOKUP(C168,Recipes!$A$2:$N$4,10,FALSE()) | K168: =VLOOKUP(C168,Recipes!$A$2:$N$4,12,FALSE()) | L168: =J168-6*K168 | M168: =J168+6*K168 | N168: =IF(G168="","",IF(AND(G168>=L168,G168<=M168),"OK","NG")) | O168: =IF(N168="","",IF(N168=D168,1,0)) | P168: =IF(G168="","",J168-G168) | Q168: =IF(G168="","",ABS(P168-Components!$D$2)) | R168: =IF(G168="","",ABS(P168-Components!$D$3)) | S168: =IF(G168="","",ABS(P168-Components!$D$4)) | T168: =IF(G168="","",ABS(P168-Components!$D$5)) | U168: =IF(G168="","",ABS(P168-Components!$D$6)) | V168: =IF(G168="","",ABS(P168-Components!$D$7)) | W168: =IF(G168="","",IF(N168="OK","NONE",INDEX({"S1","S2","W1","W2","N1","N2"},MATCH(MIN(Q168:V168),Q168:V168,0)))) | X168: =IF(G168="","",IF(W168=E168,1,0))
A169: 75 | B169: 43.2 | C169: R4 | D169: NG | E169: S1 | F169: K027 | G169: 6.13 | J169: =VLOOKUP(C169,Recipes!$A$2:$N$4,10,FALSE()) | K169: =VLOOKUP(C169,Recipes!$A$2:$N$4,12,FALSE()) | L169: =J169-6*K169 | M169: =J169+6*K169 | N169: =IF(G169="","",IF(AND(G169>=L169,G169<=M169),"OK","NG")) | O169: =IF(N169="","",IF(N169=D169,1,0)) | P169: =IF(G169="","",J169-G169) | Q169: =IF(G169="","",ABS(P169-Components!$D$2)) | R169: =IF(G169="","",ABS(P169-Components!$D$3)) | S169: =IF(G169="","",ABS(P169-Components!$D$4)) | T169: =IF(G169="","",ABS(P169-Components!$D$5)) | U169: =IF(G169="","",ABS(P169-Components!$D$6)) | V169: =IF(G169="","",ABS(P169-Components!$D$7)) | W169: =IF(G169="","",IF(N169="OK","NONE",INDEX({"S1","S2","W1","W2","N1","N2"},MATCH(MIN(Q169:V169),Q169:V169,0)))) | X169: =IF(G169="","",IF(W169=E169,1,0))
... A300: 43 | B300: 38 | C300: R6 | D300: OK | E300: NONE | F300: K043 | G300: 8.63 | J300: =VLOOKUP(C300,Recipes!$A$2:$N$4,10,FALSE()) | K300: =VLOOKUP(C300,Recipes!$A$2:$N$4,12,FALSE()) | L300: =J300-6*K300 | M300: =J300+6*K300 | N300: =IF(G300="","",IF(AND(G300>=L300,G300<=M300),"OK","NG")) | O300: =IF(N300="","",IF(N300=D300,1,0)) | P300: =IF(G300="","",J300-G300) | Q300: =IF(G300="","",ABS(P300-Components!$D$2)) | R300: =IF(G300="","",ABS(P300-Components!$D$3)) | S300: =IF(G300="","",ABS(P300-Components!$D$4)) | T300: =IF(G300="","",ABS(P300-Components!$D$5)) | U300: =IF(G300="","",ABS(P300-Components!$D$6)) | V300: =IF(G300="","",ABS(P300-Components!$D$7)) | W300: =IF(G300="","",IF(N300="OK","NONE",INDEX({"S1","S2","W1","W2","N1","N2"},MATCH(MIN(Q300:V300),Q300:V300,0)))) | X300: =IF(G300="","",IF(W300=E300,1,0))
C301: R6 | D301: OK | E301: NONE | G301: 8.62 | J301: =VLOOKUP(C301,Recipes!$A$2:$N$4,10,FALSE()) | K301: =VLOOKUP(C301,Recipes!$A$2:$N$4,12,FALSE()) | L301: =J301-6*K301 | M301: =J301+6*K301 | N301: =IF(G301="","",IF(AND(G301>=L301,G301<=M301),"OK","NG")) | O301: =IF(N301="","",IF(N301=D301,1,0)) | P301: =IF(G301="","",J301-G301) | Q301: =IF(G301="","",ABS(P301-Components!$D$2)) | R301: =IF(G301="","",ABS(P301-Components!$D$3)) | S301: =IF(G301="","",ABS(P301-Components!$D$4)) | T301: =IF(G301="","",ABS(P301-Components!$D$5)) | U301: =IF(G301="","",ABS(P301-Components!$D$6)) | V301: =IF(G301="","",ABS(P301-Components!$D$7)) | W301: =IF(G301="","",IF(N301="OK","NONE",INDEX({"S1","S2","W1","W2","N1","N2"},MATCH(MIN(Q301:V301),Q301:V301,0)))) | X301: =IF(G301="","",IF(W301=E301,1,0))
C302: R6 | D302: OK | E302: NONE | G302: 8.58 | J302: =VLOOKUP(C302,Recipes!$A$2:$N$4,10,FALSE()) | K302: =VLOOKUP(C302,Recipes!$A$2:$N$4,12,FALSE()) | L302: =J302-6*K302 | M302: =J302+6*K302 | N302: =IF(G302="","",IF(AND(G302>=L302,G302<=M302),"OK","NG")) | O302: =IF(N302="","",IF(N302=D302,1,0)) | P302: =IF(G302="","",J302-G302) | Q302: =IF(G302="","",ABS(P302-Components!$D$2)) | R302: =IF(G302="","",ABS(P302-Components!$D$3)) | S302: =IF(G302="","",ABS(P302-Components!$D$4)) | T302: =IF(G302="","",ABS(P302-Components!$D$5)) | U302: =IF(G302="","",ABS(P302-Components!$D$6)) | V302: =IF(G302="","",ABS(P302-Components!$D$7)) | W302: =IF(G302="","",IF(N302="OK","NONE",INDEX({"S1","S2","W1","W2","N1","N2"},MATCH(MIN(Q302:V302),Q302:V302,0)))) | X302: =IF(G302="","",IF(W302=E302,1,0))
A303: 44 | B303: 6 | C303: R6 | D303: NG | E303: S1 | F303: K044 | G303: 5.89 | J303: =VLOOKUP(C303,Recipes!$A$2:$N$4,10,FALSE()) | K303: =VLOOKUP(C303,Recipes!$A$2:$N$4,12,FALSE()) | L303: =J303-6*K303 | M303: =J303+6*K303 | N303: =IF(G303="","",IF(AND(G303>=L303,G303<=M303),"OK","NG")) | O303: =IF(N303="","",IF(N303=D303,1,0)) | P303: =IF(G303="","",J303-G303) | Q303: =IF(G303="","",ABS(P303-Components!$D$2)) | R303: =IF(G303="","",ABS(P303-Components!$D$3)) | S303: =IF(G303="","",ABS(P303-Components!$D$4)) | T303: =IF(G303="","",ABS(P303-Components!$D$5)) | U303: =IF(G303="","",ABS(P303-Components!$D$6)) | V303: =IF(G303="","",ABS(P303-Components!$D$7)) | W303: =IF(G303="","",IF(N303="OK","NONE",INDEX({"S1","S2","W1","W2","N1","N2"},MATCH(MIN(Q303:V303),Q303:V303,0)))) | X303: =IF(G303="","",IF(W303=E303,1,0))
A304: 44 | B304: 6 | C304: R6 | D304: NG | E304: S1 | F304: K044 | G304: 5.89 | J304: =VLOOKUP(C304,Recipes!$A$2:$N$4,10,FALSE()) | K304: =VLOOKUP(C304,Recipes!$A$2:$N$4,12,FALSE()) | L304: =J304-6*K304 | M304: =J304+6*K304 | N304: =IF(G304="","",IF(AND(G304>=L304,G304<=M304),"OK","NG")) | O304: =IF(N304="","",IF(N304=D304,1,0)) | P304: =IF(G304="","",J304-G304) | Q304: =IF(G304="","",ABS(P304-Components!$D$2)) | R304: =IF(G304="","",ABS(P304-Components!$D$3)) | S304: =IF(G304="","",ABS(P304-Components!$D$4)) | T304: =IF(G304="","",ABS(P304-Components!$D$5)) | U304: =IF(G304="","",ABS(P304-Components!$D$6)) | V304: =IF(G304="","",ABS(P304-Components!$D$7)) | W304: =IF(G304="","",IF(N304="OK","NONE",INDEX({"S1","S2","W1","W2","N1","N2"},MATCH(MIN(Q304:V304),Q304:V304,0)))) | X304: =IF(G304="","",IF(W304=E304,1,0))
A305: 44 | B305: 6 | C305: R6 | D305: NG | E305: S1 | F305: K044 | G305: 5.9 | J305: =VLOOKUP(C305,Recipes!$A$2:$N$4,10,FALSE()) | K305: =VLOOKUP(C305,Recipes!$A$2:$N$4,12,FALSE()) | L305: =J305-6*K305 | M305: =J305+6*K305 | N305: =IF(G305="","",IF(AND(G305>=L305,G305<=M305),"OK","NG")) | O305: =IF(N305="","",IF(N305=D305,1,0)) | P305: =IF(G305="","",J305-G305) | Q305: =IF(G305="","",ABS(P305-Components!$D$2)) | R305: =IF(G305="","",ABS(P305-Components!$D$3)) | S305: =IF(G305="","",ABS(P305-Components!$D$4)) | T305: =IF(G305="","",ABS(P305-Components!$D$5)) | U305: =IF(G305="","",ABS(P305-Components!$D$6)) | V305: =IF(G305="","",ABS(P305-Components!$D$7)) | W305: =IF(G305="","",IF(N305="OK","NONE",INDEX({"S1","S2","W1","W2","N1","N2"},MATCH(MIN(Q305:V305),Q305:V305,0)))) | X305: =IF(G305="","",IF(W305=E305,1,0))
A306: 44 | B306: 6 | C306: R6 | D306: NG | E306: S1 | F306: K044 | G306: 5.88 | J306: =VLOOKUP(C306,Recipes!$A$2:$N$4,10,FALSE()) | K306: =VLOOKUP(C306,Recipes!$A$2:$N$4,12,FALSE()) | L306: =J306-6*K306 | M306: =J306+6*K306 | N306: =IF(G306="","",IF(AND(G306>=L306,G306<=M306),"OK","NG")) | O306: =IF(N306="","",IF(N306=D306,1,0)) | P306: =IF(G306="","",J306-G306) | Q306: =IF(G306="","",ABS(P306-Components!$D$2)) | R306: =IF(G306="","",ABS(P306-Components!$D$3)) | S306: =IF(G306="","",ABS(P306-Components!$D$4)) | T306: =IF(G306="","",ABS(P306-Components!$D$5)) | U306: =IF(G306="","",ABS(P306-Components!$D$6)) | V306: =IF(G306="","",ABS(P306-Components!$D$7)) | W306: =IF(G306="","",IF(N306="OK","NONE",INDEX({"S1","S2","W1","W2","N1","N2"},MATCH(MIN(Q306:V306),Q306:V306,0)))) | X306: =IF(G306="","",IF(W306=E306,1,0))
A307: 44 | B307: 6 | C307: R6 | D307: NG | E307: S1 | F307: K044 | G307: 5.91 | J307: =VLOOKUP(C307,Recipes!$A$2:$N$4,10,FALSE()) | K307: =VLOOKUP(C307,Recipes!$A$2:$N$4,12,FALSE()) | L307: =J307-6*K307 | M307: =J307+6*K307 | N307: =IF(G307="","",IF(AND(G307>=L307,G307<=M307),"OK","NG")) | O307: =IF(N307="","",IF(N307=D307,1,0)) | P307: =IF(G307="","",J307-G307) | Q307: =IF(G307="","",ABS(P307-Components!$D$2)) | R307: =IF(G307="","",ABS(P307-Components!$D$3)) | S307: =IF(G307="","",ABS(P307-Components!$D$4)) | T307: =IF(G307="","",ABS(P307-Components!$D$5)) | U307: =IF(G307="","",ABS(P307-Components!$D$6)) | V307: =IF(G307="","",ABS(P307-Components!$D$7)) | W307: =IF(G307="","",IF(N307="OK","NONE",INDEX({"S1","S2","W1","W2","N1","N2"},MATCH(MIN(Q307:V307),Q307:V307,0)))) | X307: =IF(G307="","",IF(W307=E307,1,0))
A308: 44 | B308: 6 | C308: R6 | D308: NG | E308: S1 | F308: K044 | G308: 5.86 | J308: =VLOOKUP(C308,Recipes!$A$2:$N$4,10,FALSE()) | K308: =VLOOKUP(C308,Recipes!$A$2:$N$4,12,FALSE()) | L308: =J308-6*K308 | M308: =J308+6*K308 | N308: =IF(G308="","",IF(AND(G308>=L308,G308<=M308),"OK","NG")) | O308: =IF(N308="","",IF(N308=D308,1,0)) | P308: =IF(G308="","",J308-G308) | Q308: =IF(G308="","",ABS(P308-Components!$D$2)) | R308: =IF(G308="","",ABS(P308-Components!$D$3)) | S308: =IF(G308="","",ABS(P308-Components!$D$4)) | T308: =IF(G308="","",ABS(P308-Components!$D$5)) | U308: =IF(G308="","",ABS(P308-Components!$D$6)) | V308: =IF(G308="","",ABS(P308-Components!$D$7)) | W308: =IF(G308="","",IF(N308="OK","NONE",INDEX({"S1","S2","W1","W2","N1","N2"},MATCH(MIN(Q308:V308),Q308:V308,0)))) | X308: =IF(G308="","",IF(W308=E308,1,0))
A309: 44 | B309: 6 | C309: R6 | D309: NG | E309: S1 | F309: K044 | G309: 5.9 | J309: =VLOOKUP(C309,Recipes!$A$2:$N$4,10,FALSE()) | K309: =VLOOKUP(C309,Recipes!$A$2:$N$4,12,FALSE()) | L309: =J309-6*K309 | M309: =J309+6*K309 | N309: =IF(G309="","",IF(AND(G309>=L309,G309<=M309),"OK","NG")) | O309: =IF(N309="","",IF(N309=D309,1,0)) | P309: =IF(G309="","",J309-G309) | Q309: =IF(G309="","",ABS(P309-Components!$D$2)) | R309: =IF(G309="","",ABS(P309-Components!$D$3)) | S309: =IF(G309="","",ABS(P309-Components!$D$4)) | T309: =IF(G309="","",ABS(P309-Components!$D$5)) | U309: =IF(G309="","",ABS(P309-Components!$D$6)) | V309: =IF(G309="","",ABS(P309-Components!$D$7)) | W309: =IF(G309="","",IF(N309="OK","NONE",INDEX({"S1","S2","W1","W2","N1","N2"},MATCH(MIN(Q309:V309),Q309:V309,0)))) | X309: =IF(G309="","",IF(W309=E309,1,0))
A310: 44 | B310: 6 | C310: R6 | D310: NG | E310: S1 | F310: K044 | G310: 5.8 | J310: =VLOOKUP(C310,Recipes!$A$2:$N$4,10,FALSE()) | K310: =VLOOKUP(C310,Recipes!$A$2:$N$4,12,FALSE()) | L310: =J310-6*K310 | M310: =J310+6*K310 | N310: =IF(G310="","",IF(AND(G310>=L310,G310<=M310),"OK","NG")) | O310: =IF(N310="","",IF(N310=D310,1,0)) | P310: =IF(G310="","",J310-G310) | Q310: =IF(G310="","",ABS(P310-Components!$D$2)) | R310: =IF(G310="","",ABS(P310-Components!$D$3)) | S310: =IF(G310="","",ABS(P310-Components!$D$4)) | T310: =IF(G310="","",ABS(P310-Components!$D$5)) | U310: =IF(G310="","",ABS(P310-Components!$D$6)) | V310: =IF(G310="","",ABS(P310-Components!$D$7)) | W310: =IF(G310="","",IF(N310="OK","NONE",INDEX({"S1","S2","W1","W2","N1","N2"},MATCH(MIN(Q310:V310),Q310:V310,0)))) | X310: =IF(G310="","",IF(W310=E310,1,0))
A311: 44 | B311: 6 | C311: R6 | D311: NG | E311: S1 | F311: K044 | G311: 5.94 | J311: =VLOOKUP(C311,Recipes!$A$2:$N$4,10,FALSE()) | K311: =VLOOKUP(C311,Recipes!$A$2:$N$4,12,FALSE()) | L311: =J311-6*K311 | M311: =J311+6*K311 | N311: =IF(G311="","",IF(AND(G311>=L311,G311<=M311),"OK","NG")) | O311: =IF(N311="","",IF(N311=D311,1,0)) | P311: =IF(G311="","",J311-G311) | Q311: =IF(G311="","",ABS(P311-Components!$D$2)) | R311: =IF(G311="","",ABS(P311-Components!$D$3)) | S311: =IF(G311="","",ABS(P311-Components!$D$4)) | T311: =IF(G311="","",ABS(P311-Components!$D$5)) | U311: =IF(G311="","",ABS(P311-Components!$D$6)) | V311: =IF(G311="","",ABS(P311-Components!$D$7)) | W311: =IF(G311="","",IF(N311="OK","NONE",INDEX({"S1","S2","W1","W2","N1","N2"},MATCH(MIN(Q311:V311),Q311:V311,0)))) | X311: =IF(G311="","",IF(W311=E311,1,0))
A312: 44 | B312: 6 | C312: R6 | D312: NG | E312: S1 | F312: K044 | G312: 5.94 | J312: =VLOOKUP(C312,Recipes!$A$2:$N$4,10,FALSE()) | K312: =VLOOKUP(C312,Recipes!$A$2:$N$4,12,FALSE()) | L312: =J312-6*K312 | M312: =J312+6*K312 | N312: =IF(G312="","",IF(AND(G312>=L312,G312<=M312),"OK","NG")) | O312: =IF(N312="","",IF(N312=D312,1,0)) | P312: =IF(G312="","",J312-G312) | Q312: =IF(G312="","",ABS(P312-Components!$D$2)) | R312: =IF(G312="","",ABS(P312-Components!$D$3)) | S312: =IF(G312="","",ABS(P312-Components!$D$4)) | T312: =IF(G312="","",ABS(P312-Components!$D$5)) | U312: =IF(G312="","",ABS(P312-Components!$D$6)) | V312: =IF(G312="","",ABS(P312-Components!$D$7)) | W312: =IF(G312="","",IF(N312="OK","NONE",INDEX({"S1","S2","W1","W2","N1","N2"},MATCH(MIN(Q312:V312),Q312:V312,0)))) | X312: =IF(G312="","",IF(W312=E312,1,0))
A313: 44 | B313: 6 | C313: R6 | D313: NG | E313: S1 | F313: K044 | G313: 5.87 | J313: =VLOOKUP(C313,Recipes!$A$2:$N$4,10,FALSE()) | K313: =VLOOKUP(C313,Recipes!$A$2:$N$4,12,FALSE()) | L313: =J313-6*K313 | M313: =J313+6*K313 | N313: =IF(G313="","",IF(AND(G313>=L313,G313<=M313),"OK","NG")) | O313: =IF(N313="","",IF(N313=D313,1,0)) | P313: =IF(G313="","",J313-G313) | Q313: =IF(G313="","",ABS(P313-Components!$D$2)) | R313: =IF(G313="","",ABS(P313-Components!$D$3)) | S313: =IF(G313="","",ABS(P313-Components!$D$4)) | T313: =IF(G313="","",ABS(P313-Components!$D$5)) | U313: =IF(G313="","",ABS(P313-Components!$D$6)) | V313: =IF(G313="","",ABS(P313-Components!$D$7)) | W313: =IF(G313="","",IF(N313="OK","NONE",INDEX({"S1","S2","W1","W2","N1","N2"},MATCH(MIN(Q313:V313),Q313:V313,0)))) | X313: =IF(G313="","",IF(W313=E313,1,0))
A314: 44 | B314: 6 | C314: R6 | D314: NG | E314: S1 | F314: K044 | G314: 5.88 | J314: =VLOOKUP(C314,Recipes!$A$2:$N$4,10,FALSE()) | K314: =VLOOKUP(C314,Recipes!$A$2:$N$4,12,FALSE()) | L314: =J314-6*K314 | M314: =J314+6*K314 | N314: =IF(G314="","",IF(AND(G314>=L314,G314<=M314),"OK","NG")) | O314: =IF(N314="","",IF(N314=D314,1,0)) | P314: =IF(G314="","",J314-G314) | Q314: =IF(G314="","",ABS(P314-Components!$D$2)) | R314: =IF(G314="","",ABS(P314-Components!$D$3)) | S314: =IF(G314="","",ABS(P314-Components!$D$4)) | T314: =IF(G314="","",ABS(P314-Components!$D$5)) | U314: =IF(G314="","",ABS(P314-Components!$D$6)) | V314: =IF(G314="","",ABS(P314-Components!$D$7)) | W314: =IF(G314="","",IF(N314="OK","NONE",INDEX({"S1","S2","W1","W2","N1","N2"},MATCH(MIN(Q314:V314),Q314:V314,0)))) | X314: =IF(G314="","",IF(W314=E314,1,0))
... A390: 53 | B390: 18 | C390: R6 | D390: NG | E390: N2 | F390: K051 | G390: 7.23 | J390: =VLOOKUP(C390,Recipes!$A$2:$N$4,10,FALSE()) | K390: =VLOOKUP(C390,Recipes!$A$2:$N$4,12,FALSE()) | L390: =J390-6*K390 | M390: =J390+6*K390 | N390: =IF(G390="","",IF(AND(G390>=L390,G390<=M390),"OK","NG")) | O390: =IF(N390="","",IF(N390=D390,1,0)) | P390: =IF(G390="","",J390-G390) | Q390: =IF(G390="","",ABS(P390-Components!$D$2)) | R390: =IF(G390="","",ABS(P390-Components!$D$3)) | S390: =IF(G390="","",ABS(P390-Components!$D$4)) | T390: =IF(G390="","",ABS(P390-Components!$D$5)) | U390: =IF(G390="","",ABS(P390-Components!$D$6)) | V390: =IF(G390="","",ABS(P390-Components!$D$7)) | W390: =IF(G390="","",IF(N390="OK","NONE",INDEX({"S1","S2","W1","W2","N1","N2"},MATCH(MIN(Q390:V390),Q390:V390,0)))) | X390: =IF(G390="","",IF(W390=E390,1,0))
A391: 54 | C391: R6 | D391: NG | E391: N2 | G391: 7.25 | J391: =VLOOKUP(C391,Recipes!$A$2:$N$4,10,FALSE()) | K391: =VLOOKUP(C391,Recipes!$A$2:$N$4,12,FALSE()) | L391: =J391-6*K391 | M391: =J391+6*K391 | N391: =IF(G391="","",IF(AND(G391>=L391,G391<=M391),"OK","NG")) | O391: =IF(N391="","",IF(N391=D391,1,0)) | P391: =IF(G391="","",J391-G391) | Q391: =IF(G391="","",ABS(P391-Components!$D$2)) | R391: =IF(G391="","",ABS(P391-Components!$D$3)) | S391: =IF(G391="","",ABS(P391-Components!$D$4)) | T391: =IF(G391="","",ABS(P391-Components!$D$5)) | U391: =IF(G391="","",ABS(P391-Components!$D$6)) | V391: =IF(G391="","",ABS(P391-Components!$D$7)) | W391: =IF(G391="","",IF(N391="OK","NONE",INDEX({"S1","S2","W1","W2","N1","N2"},MATCH(MIN(Q391:V391),Q391:V391,0)))) | X391: =IF(G391="","",IF(W391=E391,1,0))
C392: R6 | D392: NG | E392: N2 | G392: 7.2 | J392: =VLOOKUP(C392,Recipes!$A$2:$N$4,10,FALSE()) | K392: =VLOOKUP(C392,Recipes!$A$2:$N$4,12,FALSE()) | L392: =J392-6*K392 | M392: =J392+6*K392 | N392: =IF(G392="","",IF(AND(G392>=L392,G392<=M392),"OK","NG")) | O392: =IF(N392="","",IF(N392=D392,1,0)) | P392: =IF(G392="","",J392-G392) | Q392: =IF(G392="","",ABS(P392-Components!$D$2)) | R392: =IF(G392="","",ABS(P392-Components!$D$3)) | S392: =IF(G392="","",ABS(P392-Components!$D$4)) | T392: =IF(G392="","",ABS(P392-Components!$D$5)) | U392: =IF(G392="","",ABS(P392-Components!$D$6)) | V392: =IF(G392="","",ABS(P392-Components!$D$7)) | W392: =IF(G392="","",IF(N392="OK","NONE",INDEX({"S1","S2","W1","W2","N1","N2"},MATCH(MIN(Q392:V392),Q392:V392,0)))) | X392: =IF(G392="","",IF(W392=E392,1,0))
A393: 52 | B393: 48 | C393: R6 | D393: NG | E393: N1 | F393: K052 | G393: 7.39 | J393: =VLOOKUP(C393,Recipes!$A$2:$N$4,10,FALSE()) | K393: =VLOOKUP(C393,Recipes!$A$2:$N$4,12,FALSE()) | L393: =J393-6*K393 | M393: =J393+6*K393 | N393: =IF(G393="","",IF(AND(G393>=L393,G393<=M393),"OK","NG")) | O393: =IF(N393="","",IF(N393=D393,1,0)) | P393: =IF(G393="","",J393-G393) | Q393: =IF(G393="","",ABS(P393-Components!$D$2)) | R393: =IF(G393="","",ABS(P393-Components!$D$3)) | S393: =IF(G393="","",ABS(P393-Components!$D$4)) | T393: =IF(G393="","",ABS(P393-Components!$D$5)) | U393: =IF(G393="","",ABS(P393-Components!$D$6)) | V393: =IF(G393="","",ABS(P393-Components!$D$7)) | W393: =IF(G393="","",IF(N393="OK","NONE",INDEX({"S1","S2","W1","W2","N1","N2"},MATCH(MIN(Q393:V393),Q393:V393,0)))) | X393: =IF(G393="","",IF(W393=E393,1,0))
A394: 52 | B394: 48 | C394: R6 | D394: NG | E394: N1 | F394: K052 | G394: 7.49 | J394: =VLOOKUP(C394,Recipes!$A$2:$N$4,10,FALSE()) | K394: =VLOOKUP(C394,Recipes!$A$2:$N$4,12,FALSE()) | L394: =J394-6*K394 | M394: =J394+6*K394 | N394: =IF(G394="","",IF(AND(G394>=L394,G394<=M394),"OK","NG")) | O394: =IF(N394="","",IF(N394=D394,1,0)) | P394: =IF(G394="","",J394-G394) | Q394: =IF(G394="","",ABS(P394-Components!$D$2)) | R394: =IF(G394="","",ABS(P394-Components!$D$3)) | S394: =IF(G394="","",ABS(P394-Components!$D$4)) | T394: =IF(G394="","",ABS(P394-Components!$D$5)) | U394: =IF(G394="","",ABS(P394-Components!$D$6)) | V394: =IF(G394="","",ABS(P394-Components!$D$7)) | W394: =IF(G394="","",IF(N394="OK","NONE",INDEX({"S1","S2","W1","W2","N1","N2"},MATCH(MIN(Q394:V394),Q394:V394,0)))) | X394: =IF(G394="","",IF(W394=E394,1,0))
A395: 52 | B395: 48 | C395: R6 | D395: NG | E395: N1 | F395: K052 | G395: 7.43 | J395: =VLOOKUP(C395,Recipes!$A$2:$N$4,10,FALSE()) | K395: =VLOOKUP(C395,Recipes!$A$2:$N$4,12,FALSE()) | L395: =J395-6*K395 | M395: =J395+6*K395 | N395: =IF(G395="","",IF(AND(G395>=L395,G395<=M395),"OK","NG")) | O395: =IF(N395="","",IF(N395=D395,1,0)) | P395: =IF(G395="","",J395-G395) | Q395: =IF(G395="","",ABS(P395-Components!$D$2)) | R395: =IF(G395="","",ABS(P395-Components!$D$3)) | S395: =IF(G395="","",ABS(P395-Components!$D$4)) | T395: =IF(G395="","",ABS(P395-Components!$D$5)) | U395: =IF(G395="","",ABS(P395-Components!$D$6)) | V395: =IF(G395="","",ABS(P395-Components!$D$7)) | W395: =IF(G395="","",IF(N395="OK","NONE",INDEX({"S1","S2","W1","W2","N1","N2"},MATCH(MIN(Q395:V395),Q395:V395,0)))) | X395: =IF(G395="","",IF(W395=E395,1,0))
A396: 52 | B396: 48 | C396: R6 | D396: NG | E396: N1 | F396: K052 | G396: 7.39 | J396: =VLOOKUP(C396,Recipes!$A$2:$N$4,10,FALSE()) | K396: =VLOOKUP(C396,Recipes!$A$2:$N$4,12,FALSE()) | L396: =J396-6*K396 | M396: =J396+6*K396 | N396: =IF(G396="","",IF(AND(G396>=L396,G396<=M396),"OK","NG")) | O396: =IF(N396="","",IF(N396=D396,1,0)) | P396: =IF(G396="","",J396-G396) | Q396: =IF(G396="","",ABS(P396-Components!$D$2)) | R396: =IF(G396="","",ABS(P396-Components!$D$3)) | S396: =IF(G396="","",ABS(P396-Components!$D$4)) | T396: =IF(G396="","",ABS(P396-Components!$D$5)) | U396: =IF(G396="","",ABS(P396-Components!$D$6)) | V396: =IF(G396="","",ABS(P396-Components!$D$7)) | W396: =IF(G396="","",IF(N396="OK","NONE",INDEX({"S1","S2","W1","W2","N1","N2"},MATCH(MIN(Q396:V396),Q396:V396,0)))) | X396: =IF(G396="","",IF(W396=E396,1,0))
A397: 52 | B397: 48 | C397: R6 | D397: NG | E397: N1 | F397: K052 | G397: 7.49 | J397: =VLOOKUP(C397,Recipes!$A$2:$N$4,10,FALSE()) | K397: =VLOOKUP(C397,Recipes!$A$2:$N$4,12,FALSE()) | L397: =J397-6*K397 | M397: =J397+6*K397 | N397: =IF(G397="","",IF(AND(G397>=L397,G397<=M397),"OK","NG")) | O397: =IF(N397="","",IF(N397=D397,1,0)) | P397: =IF(G397="","",J397-G397) | Q397: =IF(G397="","",ABS(P397-Components!$D$2)) | R397: =IF(G397="","",ABS(P397-Components!$D$3)) | S397: =IF(G397="","",ABS(P397-Components!$D$4)) | T397: =IF(G397="","",ABS(P397-Components!$D$5)) | U397: =IF(G397="","",ABS(P397-Components!$D$6)) | V397: =IF(G397="","",ABS(P397-Components!$D$7)) | W397: =IF(G397="","",IF(N397="OK","NONE",INDEX({"S1","S2","W1","W2","N1","N2"},MATCH(MIN(Q397:V397),Q397:V397,0)))) | X397: =IF(G397="","",IF(W397=E397,1,0))
A398: 52 | B398: 48 | C398: R6 | D398: NG | E398: N1 | F398: K052 | G398: 7.48 | J398: =VLOOKUP(C398,Recipes!$A$2:$N$4,10,FALSE()) | K398: =VLOOKUP(C398,Recipes!$A$2:$N$4,12,FALSE()) | L398: =J398-6*K398 | M398: =J398+6*K398 | N398: =IF(G398="","",IF(AND(G398>=L398,G398<=M398),"OK","NG")) | O398: =IF(N398="","",IF(N398=D398,1,0)) | P398: =IF(G398="","",J398-G398) | Q398: =IF(G398="","",ABS(P398-Components!$D$2)) | R398: =IF(G398="","",ABS(P398-Components!$D$3)) | S398: =IF(G398="","",ABS(P398-Components!$D$4)) | T398: =IF(G398="","",ABS(P398-Components!$D$5)) | U398: =IF(G398="","",ABS(P398-Components!$D$6)) | V398: =IF(G398="","",ABS(P398-Components!$D$7)) | W398: =IF(G398="","",IF(N398="OK","NONE",INDEX({"S1","S2","W1","W2","N1","N2"},MATCH(MIN(Q398:V398),Q398:V398,0)))) | X398: =IF(G398="","",IF(W398=E398,1,0))
A399: 52 | B399: 48 | C399: R6 | D399: NG | E399: N1 | F399: K052 | G399: 7.46 | J399: =VLOOKUP(C399,Recipes!$A$2:$N$4,10,FALSE()) | K399: =VLOOKUP(C399,Recipes!$A$2:$N$4,12,FALSE()) | L399: =J399-6*K399 | M399: =J399+6*K399 | N399: =IF(G399="","",IF(AND(G399>=L399,G399<=M399),"OK","NG")) | O399: =IF(N399="","",IF(N399=D399,1,0)) | P399: =IF(G399="","",J399-G399) | Q399: =IF(G399="","",ABS(P399-Components!$D$2)) | R399: =IF(G399="","",ABS(P399-Components!$D$3)) | S399: =IF(G399="","",ABS(P399-Components!$D$4)) | T399: =IF(G399="","",ABS(P399-Components!$D$5)) | U399: =IF(G399="","",ABS(P399-Components!$D$6)) | V399: =IF(G399="","",ABS(P399-Components!$D$7)) | W399: =IF(G399="","",IF(N399="OK","NONE",INDEX({"S1","S2","W1","W2","N1","N2"},MATCH(MIN(Q399:V399),Q399:V399,0)))) | X399: =IF(G399="","",IF(W399=E399,1,0))
A400: 52 | B400: 48 | C400: R6 | D400: NG | E400: N1 | F400: K052 | G400: 7.48 | J400: =VLOOKUP(C400,Recipes!$A$2:$N$4,10,FALSE()) | K400: =VLOOKUP(C400,Recipes!$A$2:$N$4,12,FALSE()) | L400: =J400-6*K400 | M400: =J400+6*K400 | N400: =IF(G400="","",IF(AND(G400>=L400,G400<=M400),"OK","NG")) | O400: =IF(N400="","",IF(N400=D400,1,0)) | P400: =IF(G400="","",J400-G400) | Q400: =IF(G400="","",ABS(P400-Components!$D$2)) | R400: =IF(G400="","",ABS(P400-Components!$D$3)) | S400: =IF(G400="","",ABS(P400-Components!$D$4)) | T400: =IF(G400="","",ABS(P400-Components!$D$5)) | U400: =IF(G400="","",ABS(P400-Components!$D$6)) | V400: =IF(G400="","",ABS(P400-Components!$D$7)) | W400: =IF(G400="","",IF(N400="OK","NONE",INDEX({"S1","S2","W1","W2","N1","N2"},MATCH(MIN(Q400:V400),Q400:V400,0)))) | X400: =IF(G400="","",IF(W400=E400,1,0))
A401: 52 | B401: 48 | C401: R6 | D401: NG | E401: N1 | F401: K052 | G401: 7.45 | J401: =VLOOKUP(C401,Recipes!$A$2:$N$4,10,FALSE()) | K401: =VLOOKUP(C401,Recipes!$A$2:$N$4,12,FALSE()) | L401: =J401-6*K401 | M401: =J401+6*K401 | N401: =IF(G401="","",IF(AND(G401>=L401,G401<=M401),"OK","NG")) | O401: =IF(N401="","",IF(N401=D401,1,0)) | P401: =IF(G401="","",J401-G401) | Q401: =IF(G401="","",ABS(P401-Components!$D$2)) | R401: =IF(G401="","",ABS(P401-Components!$D$3)) | S401: =IF(G401="","",ABS(P401-Components!$D$4)) | T401: =IF(G401="","",ABS(P401-Components!$D$5)) | U401: =IF(G401="","",ABS(P401-Components!$D$6)) | V401: =IF(G401="","",ABS(P401-Components!$D$7)) | W401: =IF(G401="","",IF(N401="OK","NONE",INDEX({"S1","S2","W1","W2","N1","N2"},MATCH(MIN(Q401:V401),Q401:V401,0)))) | X401: =IF(G401="","",IF(W401=E401,1,0))
A402: 52 | B402: 48 | C402: R6 | D402: NG | E402: N1 | F402: K052 | G402: 7.43 | J402: =VLOOKUP(C402,Recipes!$A$2:$N$4,10,FALSE()) | K402: =VLOOKUP(C402,Recipes!$A$2:$N$4,12,FALSE()) | L402: =J402-6*K402 | M402: =J402+6*K402 | N402: =IF(G402="","",IF(AND(G402>=L402,G402<=M402),"OK","NG")) | O402: =IF(N402="","",IF(N402=D402,1,0)) | P402: =IF(G402="","",J402-G402) | Q402: =IF(G402="","",ABS(P402-Components!$D$2)) | R402: =IF(G402="","",ABS(P402-Components!$D$3)) | S402: =IF(G402="","",ABS(P402-Components!$D$4)) | T402: =IF(G402="","",ABS(P402-Components!$D$5)) | U402: =IF(G402="","",ABS(P402-Components!$D$6)) | V402: =IF(G402="","",ABS(P402-Components!$D$7)) | W402: =IF(G402="","",IF(N402="OK","NONE",INDEX({"S1","S2","W1","W2","N1","N2"},MATCH(MIN(Q402:V402),Q402:V402,0)))) | X402: =IF(G402="","",IF(W402=E402,1,0))
A403: 52 | B403: 48 | C403: R6 | D403: NG | E403: N1 | F403: K052 | G403: 7.48 | J403: =VLOOKUP(C403,Recipes!$A$2:$N$4,10,FALSE()) | K403: =VLOOKUP(C403,Recipes!$A$2:$N$4,12,FALSE()) | L403: =J403-6*K403 | M403: =J403+6*K403 | N403: =IF(G403="","",IF(AND(G403>=L403,G403<=M403),"OK","NG")) | O403: =IF(N403="","",IF(N403=D403,1,0)) | P403: =IF(G403="","",J403-G403) | Q403: =IF(G403="","",ABS(P403-Components!$D$2)) | R403: =IF(G403="","",ABS(P403-Components!$D$3)) | S403: =IF(G403="","",ABS(P403-Components!$D$4)) | T403: =IF(G403="","",ABS(P403-Components!$D$5)) | U403: =IF(G403="","",ABS(P403-Components!$D$6)) | V403: =IF(G403="","",ABS(P403-Components!$D$7)) | W403: =IF(G403="","",IF(N403="OK","NONE",INDEX({"S1","S2","W1","W2","N1","N2"},MATCH(MIN(Q403:V403),Q403:V403,0)))) | X403: =IF(G403="","",IF(W403=E403,1,0))
A404: 52 | B404: 48 | C404: R6 | D404: NG | E404: N1 | F404: K052 | G404: 7.46 | J404: =VLOOKUP(C404,Recipes!$A$2:$N$4,10,FALSE()) | K404: =VLOOKUP(C404,Recipes!$A$2:$N$4,12,FALSE()) | L404: =J404-6*K404 | M404: =J404+6*K404 | N404: =IF(G404="","",IF(AND(G404>=L404,G404<=M404),"OK","NG")) | O404: =IF(N404="","",IF(N404=D404,1,0)) | P404: =IF(G404="","",J404-G404) | Q404: =IF(G404="","",ABS(P404-Components!$D$2)) | R404: =IF(G404="","",ABS(P404-Components!$D$3)) | S404: =IF(G404="","",ABS(P404-Components!$D$4)) | T404: =IF(G404="","",ABS(P404-Components!$D$5)) | U404: =IF(G404="","",ABS(P404-Components!$D$6)) | V404: =IF(G404="","",ABS(P404-Components!$D$7)) | W404: =IF(G404="","",IF(N404="OK","NONE",INDEX({"S1","S2","W1","W2","N1","N2"},MATCH(MIN(Q404:V404),Q404:V404,0)))) | X404: =IF(G404="","",IF(W404=E404,1,0))
... A418: 53 | B418: 2 | C418: R6 | D418: NG | E418: N1 | F418: K053 | G418: 7.45 | J418: =VLOOKUP(C418,Recipes!$A$2:$N$4,10,FALSE()) | K418: =VLOOKUP(C418,Recipes!$A$2:$N$4,12,FALSE()) | L418: =J418-6*K418 | M418: =J418+6*K418 | N418: =IF(G418="","",IF(AND(G418>=L418,G418<=M418),"OK","NG")) | O418: =IF(N418="","",IF(N418=D418,1,0)) | P418: =IF(G418="","",J418-G418) | Q418: =IF(G418="","",ABS(P418-Components!$D$2)) | R418: =IF(G418="","",ABS(P418-Components!$D$3)) | S418: =IF(G418="","",ABS(P418-Components!$D$4)) | T418: =IF(G418="","",ABS(P418-Components!$D$5)) | U418: =IF(G418="","",ABS(P418-Components!$D$6)) | V418: =IF(G418="","",ABS(P418-Components!$D$7)) | W418: =IF(G418="","",IF(N418="OK","NONE",INDEX({"S1","S2","W1","W2","N1","N2"},MATCH(MIN(Q418:V418),Q418:V418,0)))) | X418: =IF(G418="","",IF(W418=E418,1,0))
C419: R6 | D419: NG | E419: N1 | G419: 7.44 | J419: =VLOOKUP(C419,Recipes!$A$2:$N$4,10,FALSE()) | K419: =VLOOKUP(C419,Recipes!$A$2:$N$4,12,FALSE()) | L419: =J419-6*K419 | M419: =J419+6*K419 | N419: =IF(G419="","",IF(AND(G419>=L419,G419<=M419),"OK","NG")) | O419: =IF(N419="","",IF(N419=D419,1,0)) | P419: =IF(G419="","",J419-G419) | Q419: =IF(G419="","",ABS(P419-Components!$D$2)) | R419: =IF(G419="","",ABS(P419-Components!$D$3)) | S419: =IF(G419="","",ABS(P419-Components!$D$4)) | T419: =IF(G419="","",ABS(P419-Components!$D$5)) | U419: =IF(G419="","",ABS(P419-Components!$D$6)) | V419: =IF(G419="","",ABS(P419-Components!$D$7)) | W419: =IF(G419="","",IF(N419="OK","NONE",INDEX({"S1","S2","W1","W2","N1","N2"},MATCH(MIN(Q419:V419),Q419:V419,0)))) | X419: =IF(G419="","",IF(W419=E419,1,0))
C420: R6 | D420: NG | E420: N1 | G420: 7.46 | J420: =VLOOKUP(C420,Recipes!$A$2:$N$4,10,FALSE()) | K420: =VLOOKUP(C420,Recipes!$A$2:$N$4,12,FALSE()) | L420: =J420-6*K420 | M420: =J420+6*K420 | N420: =IF(G420="","",IF(AND(G420>=L420,G420<=M420),"OK","NG")) | O420: =IF(N420="","",IF(N420=D420,1,0)) | P420: =IF(G420="","",J420-G420) | Q420: =IF(G420="","",ABS(P420-Components!$D$2)) | R420: =IF(G420="","",ABS(P420-Components!$D$3)) | S420: =IF(G420="","",ABS(P420-Components!$D$4)) | T420: =IF(G420="","",ABS(P420-Components!$D$5)) | U420: =IF(G420="","",ABS(P420-Components!$D$6)) | V420: =IF(G420="","",ABS(P420-Components!$D$7)) | W420: =IF(G420="","",IF(N420="OK","NONE",INDEX({"S1","S2","W1","W2","N1","N2"},MATCH(MIN(Q420:V420),Q420:V420,0)))) | X420: =IF(G420="","",IF(W420=E420,1,0))
A421: 52 | B421: 48 | C421: R6 | D421: NG | E421: N1 | F421: K052 | G421: 7.25 | J421: =VLOOKUP(C421,Recipes!$A$2:$N$4,10,FALSE()) | K421: =VLOOKUP(C421,Recipes!$A$2:$N$4,12,FALSE()) | L421: =J421-6*K421 | M421: =J421+6*K421 | N421: =IF(G421="","",IF(AND(G421>=L421,G421<=M421),"OK","NG")) | O421: =IF(N421="","",IF(N421=D421,1,0)) | P421: =IF(G421="","",J421-G421) | Q421: =IF(G421="","",ABS(P421-Components!$D$2)) | R421: =IF(G421="","",ABS(P421-Components!$D$3)) | S421: =IF(G421="","",ABS(P421-Components!$D$4)) | T421: =IF(G421="","",ABS(P421-Components!$D$5)) | U421: =IF(G421="","",ABS(P421-Components!$D$6)) | V421: =IF(G421="","",ABS(P421-Components!$D$7)) | W421: =IF(G421="","",IF(N421="OK","NONE",INDEX({"S1","S2","W1","W2","N1","N2"},MATCH(MIN(Q421:V421),Q421:V421,0)))) | X421: =IF(G421="","",IF(W421=E421,1,0))
C422: R6 | D422: NG | E422: N1 | G422: 7.47 | J422: =VLOOKUP(C422,Recipes!$A$2:$N$4,10,FALSE()) | K422: =VLOOKUP(C422,Recipes!$A$2:$N$4,12,FALSE()) | L422: =J422-6*K422 | M422: =J422+6*K422 | N422: =IF(G422="","",IF(AND(G422>=L422,G422<=M422),"OK","NG")) | O422: =IF(N422="","",IF(N422=D422,1,0)) | P422: =IF(G422="","",J422-G422) | Q422: =IF(G422="","",ABS(P422-Components!$D$2)) | R422: =IF(G422="","",ABS(P422-Components!$D$3)) | S422: =IF(G422="","",ABS(P422-Components!$D$4)) | T422: =IF(G422="","",ABS(P422-Components!$D$5)) | U422: =IF(G422="","",ABS(P422-Components!$D$6)) | V422: =IF(G422="","",ABS(P422-Components!$D$7)) | W422: =IF(G422="","",IF(N422="OK","NONE",INDEX({"S1","S2","W1","W2","N1","N2"},MATCH(MIN(Q422:V422),Q422:V422,0)))) | X422: =IF(G422="","",IF(W422=E422,1,0))

Sheet Runs Z score
A2: run_id | B2: execution_order | C2: recipe | D2: condition | E2: missing_component | F2: kit_id | G2: measured_weight_g | H2: timestamp | I2: notes | J2: expected_weight | K2: expected_std | L2: lower_bound | M2: upper_bound | N2: predicted_OK_NG | O2: L1_correct | P2: deficit | Q2: match_S1 | R2: match_S2 | S2: match_W1 | T2: match_W2 | U2: match_N1 | V2: match_N2 | W2: predicted_missing | X2: L2_correct
A3: 1 | B3: 31 | C3: R3 | D3: OK | E3: NONE | F3: K001 | G3: 9.91 | J3: =VLOOKUP(C3,Recipes!$A$2:$N$4,10,FALSE()) | K3: =VLOOKUP(C3,Recipes!$A$2:$N$4,12,FALSE()) | L3: =J3-3*K3 | M3: =J3+3*K3 | N3: =IF(G3="","",IF(AND(G3>=L3,G3<=M3),"OK","NG")) | O3: =IF(N3="","",IF(N3=D3,1,0)) | P3: =IF(G3="","",J3-G3) | Q3: =IF(G3="","",ABS(P3-Components!$D$2)/Components!$E$2) | R3: =IF(G3="","",ABS(P3-Components!$D$3)/Components!$E$3) | S3: =IF(G3="","",ABS(P3-Components!$D$4)/Components!$E$4) | T3: =IF(G3="","",ABS(P3-Components!$D$5)/Components!$E$5) | U3: =IF(G3="","",ABS(P3-Components!$D$6)/Components!$E$6) | V3: =IF(G3="","",ABS(P3-Components!$D$7)/Components!$E$7) | W3: =IF(G3="","",IF(N3="OK","NONE",INDEX({"S1","S2","W1","W2","N1","N2"},MATCH(MIN(Q3:V3),Q3:V3,0)))) | X3: =IF(G3="","",IF(W3=E3,1,0))
A4: 2 | B4: 24 | C4: R3 | D4: OK | E4: NONE | F4: K002 | G4: 10 | J4: =VLOOKUP(C4,Recipes!$A$2:$N$4,10,FALSE()) | K4: =VLOOKUP(C4,Recipes!$A$2:$N$4,12,FALSE()) | L4: =J4-3*K4 | M4: =J4+3*K4 | N4: =IF(G4="","",IF(AND(G4>=L4,G4<=M4),"OK","NG")) | O4: =IF(N4="","",IF(N4=D4,1,0)) | P4: =IF(G4="","",J4-G4) | Q4: =IF(G4="","",ABS(P4-Components!$D$2)/Components!$E$2) | R4: =IF(G4="","",ABS(P4-Components!$D$3)/Components!$E$3) | S4: =IF(G4="","",ABS(P4-Components!$D$4)/Components!$E$4) | T4: =IF(G4="","",ABS(P4-Components!$D$5)/Components!$E$5) | U4: =IF(G4="","",ABS(P4-Components!$D$6)/Components!$E$6) | V4: =IF(G4="","",ABS(P4-Components!$D$7)/Components!$E$7) | W4: =IF(G4="","",IF(N4="OK","NONE",INDEX({"S1","S2","W1","W2","N1","N2"},MATCH(MIN(Q4:V4),Q4:V4,0)))) | X4: =IF(G4="","",IF(W4=E4,1,0))
A5: 3 | B5: 50 | C5: R3 | D5: OK | E5: NONE | F5: K003 | G5: 10 | J5: =VLOOKUP(C5,Recipes!$A$2:$N$4,10,FALSE()) | K5: =VLOOKUP(C5,Recipes!$A$2:$N$4,12,FALSE()) | L5: =J5-3*K5 | M5: =J5+3*K5 | N5: =IF(G5="","",IF(AND(G5>=L5,G5<=M5),"OK","NG")) | O5: =IF(N5="","",IF(N5=D5,1,0)) | P5: =IF(G5="","",J5-G5) | Q5: =IF(G5="","",ABS(P5-Components!$D$2)/Components!$E$2) | R5: =IF(G5="","",ABS(P5-Components!$D$3)/Components!$E$3) | S5: =IF(G5="","",ABS(P5-Components!$D$4)/Components!$E$4) | T5: =IF(G5="","",ABS(P5-Components!$D$5)/Components!$E$5) | U5: =IF(G5="","",ABS(P5-Components!$D$6)/Components!$E$6) | V5: =IF(G5="","",ABS(P5-Components!$D$7)/Components!$E$7) | W5: =IF(G5="","",IF(N5="OK","NONE",INDEX({"S1","S2","W1","W2","N1","N2"},MATCH(MIN(Q5:V5),Q5:V5,0)))) | X5: =IF(G5="","",IF(W5=E5,1,0))
A6: 4 | B6: 12 | C6: R3 | D6: OK | E6: NONE | F6: K004 | G6: 9.91 | J6: =VLOOKUP(C6,Recipes!$A$2:$N$4,10,FALSE()) | K6: =VLOOKUP(C6,Recipes!$A$2:$N$4,12,FALSE()) | L6: =J6-3*K6 | M6: =J6+3*K6 | N6: =IF(G6="","",IF(AND(G6>=L6,G6<=M6),"OK","NG")) | O6: =IF(N6="","",IF(N6=D6,1,0)) | P6: =IF(G6="","",J6-G6) | Q6: =IF(G6="","",ABS(P6-Components!$D$2)/Components!$E$2) | R6: =IF(G6="","",ABS(P6-Components!$D$3)/Components!$E$3) | S6: =IF(G6="","",ABS(P6-Components!$D$4)/Components!$E$4) | T6: =IF(G6="","",ABS(P6-Components!$D$5)/Components!$E$5) | U6: =IF(G6="","",ABS(P6-Components!$D$6)/Components!$E$6) | V6: =IF(G6="","",ABS(P6-Components!$D$7)/Components!$E$7) | W6: =IF(G6="","",IF(N6="OK","NONE",INDEX({"S1","S2","W1","W2","N1","N2"},MATCH(MIN(Q6:V6),Q6:V6,0)))) | X6: =IF(G6="","",IF(W6=E6,1,0))
A7: 5 | B7: 17 | C7: R3 | D7: OK | E7: NONE | F7: K005 | G7: 10.04 | J7: =VLOOKUP(C7,Recipes!$A$2:$N$4,10,FALSE()) | K7: =VLOOKUP(C7,Recipes!$A$2:$N$4,12,FALSE()) | L7: =J7-3*K7 | M7: =J7+3*K7 | N7: =IF(G7="","",IF(AND(G7>=L7,G7<=M7),"OK","NG")) | O7: =IF(N7="","",IF(N7=D7,1,0)) | P7: =IF(G7="","",J7-G7) | Q7: =IF(G7="","",ABS(P7-Components!$D$2)/Components!$E$2) | R7: =IF(G7="","",ABS(P7-Components!$D$3)/Components!$E$3) | S7: =IF(G7="","",ABS(P7-Components!$D$4)/Components!$E$4) | T7: =IF(G7="","",ABS(P7-Components!$D$5)/Components!$E$5) | U7: =IF(G7="","",ABS(P7-Components!$D$6)/Components!$E$6) | V7: =IF(G7="","",ABS(P7-Components!$D$7)/Components!$E$7) | W7: =IF(G7="","",IF(N7="OK","NONE",INDEX({"S1","S2","W1","W2","N1","N2"},MATCH(MIN(Q7:V7),Q7:V7,0)))) | X7: =IF(G7="","",IF(W7=E7,1,0))
A8: 5 | B8: 17 | C8: R3 | D8: OK | E8: NONE | F8: K005 | G8: 9.84 | J8: =VLOOKUP(C8,Recipes!$A$2:$N$4,10,FALSE()) | K8: =VLOOKUP(C8,Recipes!$A$2:$N$4,12,FALSE()) | L8: =J8-3*K8 | M8: =J8+3*K8 | N8: =IF(G8="","",IF(AND(G8>=L8,G8<=M8),"OK","NG")) | O8: =IF(N8="","",IF(N8=D8,1,0)) | P8: =IF(G8="","",J8-G8) | Q8: =IF(G8="","",ABS(P8-Components!$D$2)/Components!$E$2) | R8: =IF(G8="","",ABS(P8-Components!$D$3)/Components!$E$3) | S8: =IF(G8="","",ABS(P8-Components!$D$4)/Components!$E$4) | T8: =IF(G8="","",ABS(P8-Components!$D$5)/Components!$E$5) | U8: =IF(G8="","",ABS(P8-Components!$D$6)/Components!$E$6) | V8: =IF(G8="","",ABS(P8-Components!$D$7)/Components!$E$7) | W8: =IF(G8="","",IF(N8="OK","NONE",INDEX({"S1","S2","W1","W2","N1","N2"},MATCH(MIN(Q8:V8),Q8:V8,0)))) | X8: =IF(G8="","",IF(W8=E8,1,0))
A9: 5 | B9: 17 | C9: R3 | D9: OK | E9: NONE | F9: K005 | G9: 9.9 | J9: =VLOOKUP(C9,Recipes!$A$2:$N$4,10,FALSE()) | K9: =VLOOKUP(C9,Recipes!$A$2:$N$4,12,FALSE()) | L9: =J9-3*K9 | M9: =J9+3*K9 | N9: =IF(G9="","",IF(AND(G9>=L9,G9<=M9),"OK","NG")) | O9: =IF(N9="","",IF(N9=D9,1,0)) | P9: =IF(G9="","",J9-G9) | Q9: =IF(G9="","",ABS(P9-Components!$D$2)/Components!$E$2) | R9: =IF(G9="","",ABS(P9-Components!$D$3)/Components!$E$3) | S9: =IF(G9="","",ABS(P9-Components!$D$4)/Components!$E$4) | T9: =IF(G9="","",ABS(P9-Components!$D$5)/Components!$E$5) | U9: =IF(G9="","",ABS(P9-Components!$D$6)/Components!$E$6) | V9: =IF(G9="","",ABS(P9-Components!$D$7)/Components!$E$7) | W9: =IF(G9="","",IF(N9="OK","NONE",INDEX({"S1","S2","W1","W2","N1","N2"},MATCH(MIN(Q9:V9),Q9:V9,0)))) | X9: =IF(G9="","",IF(W9=E9,1,0))
A10: 5 | B10: 17 | C10: R3 | D10: OK | E10: NONE | F10: K005 | G10: 9.92 | J10: =VLOOKUP(C10,Recipes!$A$2:$N$4,10,FALSE()) | K10: =VLOOKUP(C10,Recipes!$A$2:$N$4,12,FALSE()) | L10: =J10-3*K10 | M10: =J10+3*K10 | N10: =IF(G10="","",IF(AND(G10>=L10,G10<=M10),"OK","NG")) | O10: =IF(N10="","",IF(N10=D10,1,0)) | P10: =IF(G10="","",J10-G10) | Q10: =IF(G10="","",ABS(P10-Components!$D$2)/Components!$E$2) | R10: =IF(G10="","",ABS(P10-Components!$D$3)/Components!$E$3) | S10: =IF(G10="","",ABS(P10-Components!$D$4)/Components!$E$4) | T10: =IF(G10="","",ABS(P10-Components!$D$5)/Components!$E$5) | U10: =IF(G10="","",ABS(P10-Components!$D$6)/Components!$E$6) | V10: =IF(G10="","",ABS(P10-Components!$D$7)/Components!$E$7) | W10: =IF(G10="","",IF(N10="OK","NONE",INDEX({"S1","S2","W1","W2","N1","N2"},MATCH(MIN(Q10:V10),Q10:V10,0)))) | X10: =IF(G10="","",IF(W10=E10,1,0))
A11: 5 | B11: 17 | C11: R3 | D11: OK | E11: NONE | F11: K005 | G11: 9.95 | J11: =VLOOKUP(C11,Recipes!$A$2:$N$4,10,FALSE()) | K11: =VLOOKUP(C11,Recipes!$A$2:$N$4,12,FALSE()) | L11: =J11-3*K11 | M11: =J11+3*K11 | N11: =IF(G11="","",IF(AND(G11>=L11,G11<=M11),"OK","NG")) | O11: =IF(N11="","",IF(N11=D11,1,0)) | P11: =IF(G11="","",J11-G11) | Q11: =IF(G11="","",ABS(P11-Components!$D$2)/Components!$E$2) | R11: =IF(G11="","",ABS(P11-Components!$D$3)/Components!$E$3) | S11: =IF(G11="","",ABS(P11-Components!$D$4)/Components!$E$4) | T11: =IF(G11="","",ABS(P11-Components!$D$5)/Components!$E$5) | U11: =IF(G11="","",ABS(P11-Components!$D$6)/Components!$E$6) | V11: =IF(G11="","",ABS(P11-Components!$D$7)/Components!$E$7) | W11: =IF(G11="","",IF(N11="OK","NONE",INDEX({"S1","S2","W1","W2","N1","N2"},MATCH(MIN(Q11:V11),Q11:V11,0)))) | X11: =IF(G11="","",IF(W11=E11,1,0))
A12: 5 | B12: 17 | C12: R3 | D12: OK | E12: NONE | F12: K005 | G12: 9.87 | J12: =VLOOKUP(C12,Recipes!$A$2:$N$4,10,FALSE()) | K12: =VLOOKUP(C12,Recipes!$A$2:$N$4,12,FALSE()) | L12: =J12-3*K12 | M12: =J12+3*K12 | N12: =IF(G12="","",IF(AND(G12>=L12,G12<=M12),"OK","NG")) | O12: =IF(N12="","",IF(N12=D12,1,0)) | P12: =IF(G12="","",J12-G12) | Q12: =IF(G12="","",ABS(P12-Components!$D$2)/Components!$E$2) | R12: =IF(G12="","",ABS(P12-Components!$D$3)/Components!$E$3) | S12: =IF(G12="","",ABS(P12-Components!$D$4)/Components!$E$4) | T12: =IF(G12="","",ABS(P12-Components!$D$5)/Components!$E$5) | U12: =IF(G12="","",ABS(P12-Components!$D$6)/Components!$E$6) | V12: =IF(G12="","",ABS(P12-Components!$D$7)/Components!$E$7) | W12: =IF(G12="","",IF(N12="OK","NONE",INDEX({"S1","S2","W1","W2","N1","N2"},MATCH(MIN(Q12:V12),Q12:V12,0)))) | X12: =IF(G12="","",IF(W12=E12,1,0))
A13: 5 | B13: 17 | C13: R3 | D13: OK | E13: NONE | F13: K005 | G13: 9.88 | J13: =VLOOKUP(C13,Recipes!$A$2:$N$4,10,FALSE()) | K13: =VLOOKUP(C13,Recipes!$A$2:$N$4,12,FALSE()) | L13: =J13-3*K13 | M13: =J13+3*K13 | N13: =IF(G13="","",IF(AND(G13>=L13,G13<=M13),"OK","NG")) | O13: =IF(N13="","",IF(N13=D13,1,0)) | P13: =IF(G13="","",J13-G13) | Q13: =IF(G13="","",ABS(P13-Components!$D$2)/Components!$E$2) | R13: =IF(G13="","",ABS(P13-Components!$D$3)/Components!$E$3) | S13: =IF(G13="","",ABS(P13-Components!$D$4)/Components!$E$4) | T13: =IF(G13="","",ABS(P13-Components!$D$5)/Components!$E$5) | U13: =IF(G13="","",ABS(P13-Components!$D$6)/Components!$E$6) | V13: =IF(G13="","",ABS(P13-Components!$D$7)/Components!$E$7) | W13: =IF(G13="","",IF(N13="OK","NONE",INDEX({"S1","S2","W1","W2","N1","N2"},MATCH(MIN(Q13:V13),Q13:V13,0)))) | X13: =IF(G13="","",IF(W13=E13,1,0))
A14: 5 | B14: 17 | C14: R3 | D14: OK | E14: NONE | F14: K005 | G14: 9.91 | J14: =VLOOKUP(C14,Recipes!$A$2:$N$4,10,FALSE()) | K14: =VLOOKUP(C14,Recipes!$A$2:$N$4,12,FALSE()) | L14: =J14-3*K14 | M14: =J14+3*K14 | N14: =IF(G14="","",IF(AND(G14>=L14,G14<=M14),"OK","NG")) | O14: =IF(N14="","",IF(N14=D14,1,0)) | P14: =IF(G14="","",J14-G14) | Q14: =IF(G14="","",ABS(P14-Components!$D$2)/Components!$E$2) | R14: =IF(G14="","",ABS(P14-Components!$D$3)/Components!$E$3) | S14: =IF(G14="","",ABS(P14-Components!$D$4)/Components!$E$4) | T14: =IF(G14="","",ABS(P14-Components!$D$5)/Components!$E$5) | U14: =IF(G14="","",ABS(P14-Components!$D$6)/Components!$E$6) | V14: =IF(G14="","",ABS(P14-Components!$D$7)/Components!$E$7) | W14: =IF(G14="","",IF(N14="OK","NONE",INDEX({"S1","S2","W1","W2","N1","N2"},MATCH(MIN(Q14:V14),Q14:V14,0)))) | X14: =IF(G14="","",IF(W14=E14,1,0))
... A156: 29 | B156: 52 | C156: R4 | D156: NG | E156: S1 | F156: K029 | G156: 6.12 | J156: =VLOOKUP(C156,Recipes!$A$2:$N$4,10,FALSE()) | K156: =VLOOKUP(C156,Recipes!$A$2:$N$4,12,FALSE()) | L156: =J156-3*K156 | M156: =J156+3*K156 | N156: =IF(G156="","",IF(AND(G156>=L156,G156<=M156),"OK","NG")) | O156: =IF(N156="","",IF(N156=D156,1,0)) | P156: =IF(G156="","",J156-G156) | Q156: =IF(G156="","",ABS(P156-Components!$D$2)/Components!$E$2) | R156: =IF(G156="","",ABS(P156-Components!$D$3)/Components!$E$3) | S156: =IF(G156="","",ABS(P156-Components!$D$4)/Components!$E$4) | T156: =IF(G156="","",ABS(P156-Components!$D$5)/Components!$E$5) | U156: =IF(G156="","",ABS(P156-Components!$D$6)/Components!$E$6) | V156: =IF(G156="","",ABS(P156-Components!$D$7)/Components!$E$7) | W156: =IF(G156="","",IF(N156="OK","NONE",INDEX({"S1","S2","W1","W2","N1","N2"},MATCH(MIN(Q156:V156),Q156:V156,0)))) | X156: =IF(G156="","",IF(W156=E156,1,0))
A157: 41 | B157: 7 | C157: R4 | D157: NG | E157: S1 | F157: K041 | G157: 6.16 | J157: =VLOOKUP(C155,Recipes!$A$2:$N$4,10,FALSE()) | K157: =VLOOKUP(C157,Recipes!$A$2:$N$4,12,FALSE()) | L157: =J157-3*K157 | M157: =J157+3*K157 | N157: =IF(G157="","",IF(AND(G157>=L157,G157<=M157),"OK","NG")) | O157: =IF(N157="","",IF(N157=D157,1,0)) | P157: =IF(G157="","",J157-G157) | Q157: =IF(G157="","",ABS(P157-Components!$D$2)/Components!$E$2) | R157: =IF(G157="","",ABS(P157-Components!$D$3)/Components!$E$3) | S157: =IF(G157="","",ABS(P157-Components!$D$4)/Components!$E$4) | T157: =IF(G157="","",ABS(P157-Components!$D$5)/Components!$E$5) | U157: =IF(G157="","",ABS(P157-Components!$D$6)/Components!$E$6) | V157: =IF(G157="","",ABS(P157-Components!$D$7)/Components!$E$7) | W157: =IF(G157="","",IF(N157="OK","NONE",INDEX({"S1","S2","W1","W2","N1","N2"},MATCH(MIN(Q157:V157),Q157:V157,0)))) | X157: =IF(G157="","",IF(W157=E157,1,0))
A158: 39.8 | B158: 26.7 | C158: R4 | D158: NG | E158: S1 | F158: K026 | G158: 6.19 | J158: =VLOOKUP(C158,Recipes!$A$2:$N$4,10,FALSE()) | K158: =VLOOKUP(C158,Recipes!$A$2:$N$4,12,FALSE()) | L158: =J158-3*K158 | M158: =J158+3*K158 | N158: =IF(G158="","",IF(AND(G158>=L158,G158<=M158),"OK","NG")) | O158: =IF(N158="","",IF(N158=D158,1,0)) | P158: =IF(G158="","",J158-G158) | Q158: =IF(G158="","",ABS(P158-Components!$D$2)/Components!$E$2) | R158: =IF(G158="","",ABS(P158-Components!$D$3)/Components!$E$3) | S158: =IF(G158="","",ABS(P158-Components!$D$4)/Components!$E$4) | T158: =IF(G158="","",ABS(P158-Components!$D$5)/Components!$E$5) | U158: =IF(G158="","",ABS(P158-Components!$D$6)/Components!$E$6) | V158: =IF(G158="","",ABS(P158-Components!$D$7)/Components!$E$7) | W158: =IF(G158="","",IF(N158="OK","NONE",INDEX({"S1","S2","W1","W2","N1","N2"},MATCH(MIN(Q158:V158),Q158:V158,0)))) | X158: =IF(G158="","",IF(W158=E158,1,0))
A159: 43 | B159: 28.2 | C159: R4 | D159: NG | E159: S1 | F159: K027 | G159: 6.18 | J159: =VLOOKUP(C159,Recipes!$A$2:$N$4,10,FALSE()) | K159: =VLOOKUP(C159,Recipes!$A$2:$N$4,12,FALSE()) | L159: =J159-3*K159 | M159: =J159+3*K159 | N159: =IF(G159="","",IF(AND(G159>=L159,G159<=M159),"OK","NG")) | O159: =IF(N159="","",IF(N159=D159,1,0)) | P159: =IF(G159="","",J159-G159) | Q159: =IF(G159="","",ABS(P159-Components!$D$2)/Components!$E$2) | R159: =IF(G159="","",ABS(P159-Components!$D$3)/Components!$E$3) | S159: =IF(G159="","",ABS(P159-Components!$D$4)/Components!$E$4) | T159: =IF(G159="","",ABS(P159-Components!$D$5)/Components!$E$5) | U159: =IF(G159="","",ABS(P159-Components!$D$6)/Components!$E$6) | V159: =IF(G159="","",ABS(P159-Components!$D$7)/Components!$E$7) | W159: =IF(G159="","",IF(N159="OK","NONE",INDEX({"S1","S2","W1","W2","N1","N2"},MATCH(MIN(Q159:V159),Q159:V159,0)))) | X159: =IF(G159="","",IF(W159=E159,1,0))
A160: 46.2 | B160: 29.7 | C160: R4 | D160: NG | E160: S1 | F160: K028 | G160: 6.13 | J160: =VLOOKUP(C160,Recipes!$A$2:$N$4,10,FALSE()) | K160: =VLOOKUP(C160,Recipes!$A$2:$N$4,12,FALSE()) | L160: =J160-3*K160 | M160: =J160+3*K160 | N160: =IF(G160="","",IF(AND(G160>=L160,G160<=M160),"OK","NG")) | O160: =IF(N160="","",IF(N160=D160,1,0)) | P160: =IF(G160="","",J160-G160) | Q160: =IF(G160="","",ABS(P160-Components!$D$2)/Components!$E$2) | R160: =IF(G160="","",ABS(P160-Components!$D$3)/Components!$E$3) | S160: =IF(G160="","",ABS(P160-Components!$D$4)/Components!$E$4) | T160: =IF(G160="","",ABS(P160-Components!$D$5)/Components!$E$5) | U160: =IF(G160="","",ABS(P160-Components!$D$6)/Components!$E$6) | V160: =IF(G160="","",ABS(P160-Components!$D$7)/Components!$E$7) | W160: =IF(G160="","",IF(N160="OK","NONE",INDEX({"S1","S2","W1","W2","N1","N2"},MATCH(MIN(Q160:V160),Q160:V160,0)))) | X160: =IF(G160="","",IF(W160=E160,1,0))
A161: 49.4 | B161: 31.2 | C161: R4 | D161: NG | E161: S1 | F161: K029 | G161: 6.22 | J161: =VLOOKUP(C161,Recipes!$A$2:$N$4,10,FALSE()) | K161: =VLOOKUP(C161,Recipes!$A$2:$N$4,12,FALSE()) | L161: =J161-3*K161 | M161: =J161+3*K161 | N161: =IF(G161="","",IF(AND(G161>=L161,G161<=M161),"OK","NG")) | O161: =IF(N161="","",IF(N161=D161,1,0)) | P161: =IF(G161="","",J161-G161) | Q161: =IF(G161="","",ABS(P161-Components!$D$2)/Components!$E$2) | R161: =IF(G161="","",ABS(P161-Components!$D$3)/Components!$E$3) | S161: =IF(G161="","",ABS(P161-Components!$D$4)/Components!$E$4) | T161: =IF(G161="","",ABS(P161-Components!$D$5)/Components!$E$5) | U161: =IF(G161="","",ABS(P161-Components!$D$6)/Components!$E$6) | V161: =IF(G161="","",ABS(P161-Components!$D$7)/Components!$E$7) | W161: =IF(G161="","",IF(N161="OK","NONE",INDEX({"S1","S2","W1","W2","N1","N2"},MATCH(MIN(Q161:V161),Q161:V161,0)))) | X161: =IF(G161="","",IF(W161=E161,1,0))
A162: 52.6 | B162: 32.7 | C162: R4 | D162: NG | E162: S1 | F162: K041 | G162: 6.17 | J162: =VLOOKUP(C162,Recipes!$A$2:$N$4,10,FALSE()) | K162: =VLOOKUP(C162,Recipes!$A$2:$N$4,12,FALSE()) | L162: =J162-3*K162 | M162: =J162+3*K162 | N162: =IF(G162="","",IF(AND(G162>=L162,G162<=M162),"OK","NG")) | O162: =IF(N162="","",IF(N162=D162,1,0)) | P162: =IF(G162="","",J162-G162) | Q162: =IF(G162="","",ABS(P162-Components!$D$2)/Components!$E$2) | R162: =IF(G162="","",ABS(P162-Components!$D$3)/Components!$E$3) | S162: =IF(G162="","",ABS(P162-Components!$D$4)/Components!$E$4) | T162: =IF(G162="","",ABS(P162-Components!$D$5)/Components!$E$5) | U162: =IF(G162="","",ABS(P162-Components!$D$6)/Components!$E$6) | V162: =IF(G162="","",ABS(P162-Components!$D$7)/Components!$E$7) | W162: =IF(G162="","",IF(N162="OK","NONE",INDEX({"S1","S2","W1","W2","N1","N2"},MATCH(MIN(Q162:V162),Q162:V162,0)))) | X162: =IF(G162="","",IF(W162=E162,1,0))
A163: 55.8 | B163: 34.2 | C163: R4 | D163: NG | E163: S1 | F163: K026 | G163: 6.16 | J163: =VLOOKUP(C163,Recipes!$A$2:$N$4,10,FALSE()) | K163: =VLOOKUP(C163,Recipes!$A$2:$N$4,12,FALSE()) | L163: =J163-3*K163 | M163: =J163+3*K163 | N163: =IF(G163="","",IF(AND(G163>=L163,G163<=M163),"OK","NG")) | O163: =IF(N163="","",IF(N163=D163,1,0)) | P163: =IF(G163="","",J163-G163) | Q163: =IF(G163="","",ABS(P163-Components!$D$2)/Components!$E$2) | R163: =IF(G163="","",ABS(P163-Components!$D$3)/Components!$E$3) | S163: =IF(G163="","",ABS(P163-Components!$D$4)/Components!$E$4) | T163: =IF(G163="","",ABS(P163-Components!$D$5)/Components!$E$5) | U163: =IF(G163="","",ABS(P163-Components!$D$6)/Components!$E$6) | V163: =IF(G163="","",ABS(P163-Components!$D$7)/Components!$E$7) | W163: =IF(G163="","",IF(N163="OK","NONE",INDEX({"S1","S2","W1","W2","N1","N2"},MATCH(MIN(Q163:V163),Q163:V163,0)))) | X163: =IF(G163="","",IF(W163=E163,1,0))
A164: 59 | B164: 35.7 | C164: R4 | D164: NG | E164: S1 | F164: K027 | G164: 6.17 | J164: =VLOOKUP(C164,Recipes!$A$2:$N$4,10,FALSE()) | K164: =VLOOKUP(C164,Recipes!$A$2:$N$4,12,FALSE()) | L164: =J164-3*K164 | M164: =J164+3*K164 | N164: =IF(G164="","",IF(AND(G164>=L164,G164<=M164),"OK","NG")) | O164: =IF(N164="","",IF(N164=D164,1,0)) | P164: =IF(G164="","",J164-G164) | Q164: =IF(G164="","",ABS(P164-Components!$D$2)/Components!$E$2) | R164: =IF(G164="","",ABS(P164-Components!$D$3)/Components!$E$3) | S164: =IF(G164="","",ABS(P164-Components!$D$4)/Components!$E$4) | T164: =IF(G164="","",ABS(P164-Components!$D$5)/Components!$E$5) | U164: =IF(G164="","",ABS(P164-Components!$D$6)/Components!$E$6) | V164: =IF(G164="","",ABS(P164-Components!$D$7)/Components!$E$7) | W164: =IF(G164="","",IF(N164="OK","NONE",INDEX({"S1","S2","W1","W2","N1","N2"},MATCH(MIN(Q164:V164),Q164:V164,0)))) | X164: =IF(G164="","",IF(W164=E164,1,0))
A165: 62.2 | B165: 37.2 | C165: R4 | D165: NG | E165: S1 | F165: K028 | G165: 6.14 | J165: =VLOOKUP(C165,Recipes!$A$2:$N$4,10,FALSE()) | K165: =VLOOKUP(C165,Recipes!$A$2:$N$4,12,FALSE()) | L165: =J165-3*K165 | M165: =J165+3*K165 | N165: =IF(G165="","",IF(AND(G165>=L165,G165<=M165),"OK","NG")) | O165: =IF(N165="","",IF(N165=D165,1,0)) | P165: =IF(G165="","",J165-G165) | Q165: =IF(G165="","",ABS(P165-Components!$D$2)/Components!$E$2) | R165: =IF(G165="","",ABS(P165-Components!$D$3)/Components!$E$3) | S165: =IF(G165="","",ABS(P165-Components!$D$4)/Components!$E$4) | T165: =IF(G165="","",ABS(P165-Components!$D$5)/Components!$E$5) | U165: =IF(G165="","",ABS(P165-Components!$D$6)/Components!$E$6) | V165: =IF(G165="","",ABS(P165-Components!$D$7)/Components!$E$7) | W165: =IF(G165="","",IF(N165="OK","NONE",INDEX({"S1","S2","W1","W2","N1","N2"},MATCH(MIN(Q165:V165),Q165:V165,0)))) | X165: =IF(G165="","",IF(W165=E165,1,0))
A166: 65.4 | B166: 38.7 | C166: R4 | D166: NG | E166: S1 | F166: K029 | G166: 6.2 | J166: =VLOOKUP(C166,Recipes!$A$2:$N$4,10,FALSE()) | K166: =VLOOKUP(C166,Recipes!$A$2:$N$4,12,FALSE()) | L166: =J166-3*K166 | M166: =J166+3*K166 | N166: =IF(G166="","",IF(AND(G166>=L166,G166<=M166),"OK","NG")) | O166: =IF(N166="","",IF(N166=D166,1,0)) | P166: =IF(G166="","",J166-G166) | Q166: =IF(G166="","",ABS(P166-Components!$D$2)/Components!$E$2) | R166: =IF(G166="","",ABS(P166-Components!$D$3)/Components!$E$3) | S166: =IF(G166="","",ABS(P166-Components!$D$4)/Components!$E$4) | T166: =IF(G166="","",ABS(P166-Components!$D$5)/Components!$E$5) | U166: =IF(G166="","",ABS(P166-Components!$D$6)/Components!$E$6) | V166: =IF(G166="","",ABS(P166-Components!$D$7)/Components!$E$7) | W166: =IF(G166="","",IF(N166="OK","NONE",INDEX({"S1","S2","W1","W2","N1","N2"},MATCH(MIN(Q166:V166),Q166:V166,0)))) | X166: =IF(G166="","",IF(W166=E166,1,0))
A167: 68.6 | B167: 40.2 | C167: R4 | D167: NG | E167: S1 | F167: K041 | G167: 6.19 | J167: =VLOOKUP(C167,Recipes!$A$2:$N$4,10,FALSE()) | K167: =VLOOKUP(C167,Recipes!$A$2:$N$4,12,FALSE()) | L167: =J167-3*K167 | M167: =J167+3*K167 | N167: =IF(G167="","",IF(AND(G167>=L167,G167<=M167),"OK","NG")) | O167: =IF(N167="","",IF(N167=D167,1,0)) | P167: =IF(G167="","",J167-G167) | Q167: =IF(G167="","",ABS(P167-Components!$D$2)/Components!$E$2) | R167: =IF(G167="","",ABS(P167-Components!$D$3)/Components!$E$3) | S167: =IF(G167="","",ABS(P167-Components!$D$4)/Components!$E$4) | T167: =IF(G167="","",ABS(P167-Components!$D$5)/Components!$E$5) | U167: =IF(G167="","",ABS(P167-Components!$D$6)/Components!$E$6) | V167: =IF(G167="","",ABS(P167-Components!$D$7)/Components!$E$7) | W167: =IF(G167="","",IF(N167="OK","NONE",INDEX({"S1","S2","W1","W2","N1","N2"},MATCH(MIN(Q167:V167),Q167:V167,0)))) | X167: =IF(G167="","",IF(W167=E167,1,0))
A168: 71.8 | B168: 41.7 | C168: R4 | D168: NG | E168: S1 | F168: K026 | G168: 6.19 | J168: =VLOOKUP(C168,Recipes!$A$2:$N$4,10,FALSE()) | K168: =VLOOKUP(C168,Recipes!$A$2:$N$4,12,FALSE()) | L168: =J168-3*K168 | M168: =J168+3*K168 | N168: =IF(G168="","",IF(AND(G168>=L168,G168<=M168),"OK","NG")) | O168: =IF(N168="","",IF(N168=D168,1,0)) | P168: =IF(G168="","",J168-G168) | Q168: =IF(G168="","",ABS(P168-Components!$D$2)/Components!$E$2) | R168: =IF(G168="","",ABS(P168-Components!$D$3)/Components!$E$3) | S168: =IF(G168="","",ABS(P168-Components!$D$4)/Components!$E$4) | T168: =IF(G168="","",ABS(P168-Components!$D$5)/Components!$E$5) | U168: =IF(G168="","",ABS(P168-Components!$D$6)/Components!$E$6) | V168: =IF(G168="","",ABS(P168-Components!$D$7)/Components!$E$7) | W168: =IF(G168="","",IF(N168="OK","NONE",INDEX({"S1","S2","W1","W2","N1","N2"},MATCH(MIN(Q168:V168),Q168:V168,0)))) | X168: =IF(G168="","",IF(W168=E168,1,0))
A169: 75 | B169: 43.2 | C169: R4 | D169: NG | E169: S1 | F169: K027 | G169: 6.13 | J169: =VLOOKUP(C169,Recipes!$A$2:$N$4,10,FALSE()) | K169: =VLOOKUP(C169,Recipes!$A$2:$N$4,12,FALSE()) | L169: =J169-3*K169 | M169: =J169+3*K169 | N169: =IF(G169="","",IF(AND(G169>=L169,G169<=M169),"OK","NG")) | O169: =IF(N169="","",IF(N169=D169,1,0)) | P169: =IF(G169="","",J169-G169) | Q169: =IF(G169="","",ABS(P169-Components!$D$2)/Components!$E$2) | R169: =IF(G169="","",ABS(P169-Components!$D$3)/Components!$E$3) | S169: =IF(G169="","",ABS(P169-Components!$D$4)/Components!$E$4) | T169: =IF(G169="","",ABS(P169-Components!$D$5)/Components!$E$5) | U169: =IF(G169="","",ABS(P169-Components!$D$6)/Components!$E$6) | V169: =IF(G169="","",ABS(P169-Components!$D$7)/Components!$E$7) | W169: =IF(G169="","",IF(N169="OK","NONE",INDEX({"S1","S2","W1","W2","N1","N2"},MATCH(MIN(Q169:V169),Q169:V169,0)))) | X169: =IF(G169="","",IF(W169=E169,1,0))
... A300: 43 | B300: 38 | C300: R6 | D300: OK | E300: NONE | F300: K043 | G300: 8.63 | J300: =VLOOKUP(C300,Recipes!$A$2:$N$4,10,FALSE()) | K300: =VLOOKUP(C300,Recipes!$A$2:$N$4,12,FALSE()) | L300: =J300-3*K300 | M300: =J300+3*K300 | N300: =IF(G300="","",IF(AND(G300>=L300,G300<=M300),"OK","NG")) | O300: =IF(N300="","",IF(N300=D300,1,0)) | P300: =IF(G300="","",J300-G300) | Q300: =IF(G300="","",ABS(P300-Components!$D$2)/Components!$E$2) | R300: =IF(G300="","",ABS(P300-Components!$D$3)/Components!$E$3) | S300: =IF(G300="","",ABS(P300-Components!$D$4)/Components!$E$4) | T300: =IF(G300="","",ABS(P300-Components!$D$5)/Components!$E$5) | U300: =IF(G300="","",ABS(P300-Components!$D$6)/Components!$E$6) | V300: =IF(G300="","",ABS(P300-Components!$D$7)/Components!$E$7) | W300: =IF(G300="","",IF(N300="OK","NONE",INDEX({"S1","S2","W1","W2","N1","N2"},MATCH(MIN(Q300:V300),Q300:V300,0)))) | X300: =IF(G300="","",IF(W300=E300,1,0))
C301: R6 | D301: OK | E301: NONE | G301: 8.62 | J301: =VLOOKUP(C301,Recipes!$A$2:$N$4,10,FALSE()) | K301: =VLOOKUP(C301,Recipes!$A$2:$N$4,12,FALSE()) | L301: =J301-3*K301 | M301: =J301+3*K301 | N301: =IF(G301="","",IF(AND(G301>=L301,G301<=M301),"OK","NG")) | O301: =IF(N301="","",IF(N301=D301,1,0)) | P301: =IF(G301="","",J301-G301) | Q301: =IF(G301="","",ABS(P301-Components!$D$2)/Components!$E$2) | R301: =IF(G301="","",ABS(P301-Components!$D$3)/Components!$E$3) | S301: =IF(G301="","",ABS(P301-Components!$D$4)/Components!$E$4) | T301: =IF(G301="","",ABS(P301-Components!$D$5)/Components!$E$5) | U301: =IF(G301="","",ABS(P301-Components!$D$6)/Components!$E$6) | V301: =IF(G301="","",ABS(P301-Components!$D$7)/Components!$E$7) | W301: =IF(G301="","",IF(N301="OK","NONE",INDEX({"S1","S2","W1","W2","N1","N2"},MATCH(MIN(Q301:V301),Q301:V301,0)))) | X301: =IF(G301="","",IF(W301=E301,1,0))
C302: R6 | D302: OK | E302: NONE | G302: 8.58 | J302: =VLOOKUP(C302,Recipes!$A$2:$N$4,10,FALSE()) | K302: =VLOOKUP(C302,Recipes!$A$2:$N$4,12,FALSE()) | L302: =J302-3*K302 | M302: =J302+3*K302 | N302: =IF(G302="","",IF(AND(G302>=L302,G302<=M302),"OK","NG")) | O302: =IF(N302="","",IF(N302=D302,1,0)) | P302: =IF(G302="","",J302-G302) | Q302: =IF(G302="","",ABS(P302-Components!$D$2)/Components!$E$2) | R302: =IF(G302="","",ABS(P302-Components!$D$3)/Components!$E$3) | S302: =IF(G302="","",ABS(P302-Components!$D$4)/Components!$E$4) | T302: =IF(G302="","",ABS(P302-Components!$D$5)/Components!$E$5) | U302: =IF(G302="","",ABS(P302-Components!$D$6)/Components!$E$6) | V302: =IF(G302="","",ABS(P302-Components!$D$7)/Components!$E$7) | W302: =IF(G302="","",IF(N302="OK","NONE",INDEX({"S1","S2","W1","W2","N1","N2"},MATCH(MIN(Q302:V302),Q302:V302,0)))) | X302: =IF(G302="","",IF(W302=E302,1,0))
A303: 44 | B303: 6 | C303: R6 | D303: NG | E303: S1 | F303: K044 | G303: 5.89 | J303: =VLOOKUP(C303,Recipes!$A$2:$N$4,10,FALSE()) | K303: =VLOOKUP(C303,Recipes!$A$2:$N$4,12,FALSE()) | L303: =J303-3*K303 | M303: =J303+3*K303 | N303: =IF(G303="","",IF(AND(G303>=L303,G303<=M303),"OK","NG")) | O303: =IF(N303="","",IF(N303=D303,1,0)) | P303: =IF(G303="","",J303-G303) | Q303: =IF(G303="","",ABS(P303-Components!$D$2)/Components!$E$2) | R303: =IF(G303="","",ABS(P303-Components!$D$3)/Components!$E$3) | S303: =IF(G303="","",ABS(P303-Components!$D$4)/Components!$E$4) | T303: =IF(G303="","",ABS(P303-Components!$D$5)/Components!$E$5) | U303: =IF(G303="","",ABS(P303-Components!$D$6)/Components!$E$6) | V303: =IF(G303="","",ABS(P303-Components!$D$7)/Components!$E$7) | W303: =IF(G303="","",IF(N303="OK","NONE",INDEX({"S1","S2","W1","W2","N1","N2"},MATCH(MIN(Q303:V303),Q303:V303,0)))) | X303: =IF(G303="","",IF(W303=E303,1,0))
A304: 44 | B304: 6 | C304: R6 | D304: NG | E304: S1 | F304: K044 | G304: 5.89 | J304: =VLOOKUP(C304,Recipes!$A$2:$N$4,10,FALSE()) | K304: =VLOOKUP(C304,Recipes!$A$2:$N$4,12,FALSE()) | L304: =J304-3*K304 | M304: =J304+3*K304 | N304: =IF(G304="","",IF(AND(G304>=L304,G304<=M304),"OK","NG")) | O304: =IF(N304="","",IF(N304=D304,1,0)) | P304: =IF(G304="","",J304-G304) | Q304: =IF(G304="","",ABS(P304-Components!$D$2)/Components!$E$2) | R304: =IF(G304="","",ABS(P304-Components!$D$3)/Components!$E$3) | S304: =IF(G304="","",ABS(P304-Components!$D$4)/Components!$E$4) | T304: =IF(G304="","",ABS(P304-Components!$D$5)/Components!$E$5) | U304: =IF(G304="","",ABS(P304-Components!$D$6)/Components!$E$6) | V304: =IF(G304="","",ABS(P304-Components!$D$7)/Components!$E$7) | W304: =IF(G304="","",IF(N304="OK","NONE",INDEX({"S1","S2","W1","W2","N1","N2"},MATCH(MIN(Q304:V304),Q304:V304,0)))) | X304: =IF(G304="","",IF(W304=E304,1,0))
A305: 44 | B305: 6 | C305: R6 | D305: NG | E305: S1 | F305: K044 | G305: 5.9 | J305: =VLOOKUP(C305,Recipes!$A$2:$N$4,10,FALSE()) | K305: =VLOOKUP(C305,Recipes!$A$2:$N$4,12,FALSE()) | L305: =J305-3*K305 | M305: =J305+3*K305 | N305: =IF(G305="","",IF(AND(G305>=L305,G305<=M305),"OK","NG")) | O305: =IF(N305="","",IF(N305=D305,1,0)) | P305: =IF(G305="","",J305-G305) | Q305: =IF(G305="","",ABS(P305-Components!$D$2)/Components!$E$2) | R305: =IF(G305="","",ABS(P305-Components!$D$3)/Components!$E$3) | S305: =IF(G305="","",ABS(P305-Components!$D$4)/Components!$E$4) | T305: =IF(G305="","",ABS(P305-Components!$D$5)/Components!$E$5) | U305: =IF(G305="","",ABS(P305-Components!$D$6)/Components!$E$6) | V305: =IF(G305="","",ABS(P305-Components!$D$7)/Components!$E$7) | W305: =IF(G305="","",IF(N305="OK","NONE",INDEX({"S1","S2","W1","W2","N1","N2"},MATCH(MIN(Q305:V305),Q305:V305,0)))) | X305: =IF(G305="","",IF(W305=E305,1,0))
A306: 44 | B306: 6 | C306: R6 | D306: NG | E306: S1 | F306: K044 | G306: 5.88 | J306: =VLOOKUP(C306,Recipes!$A$2:$N$4,10,FALSE()) | K306: =VLOOKUP(C306,Recipes!$A$2:$N$4,12,FALSE()) | L306: =J306-3*K306 | M306: =J306+3*K306 | N306: =IF(G306="","",IF(AND(G306>=L306,G306<=M306),"OK","NG")) | O306: =IF(N306="","",IF(N306=D306,1,0)) | P306: =IF(G306="","",J306-G306) | Q306: =IF(G306="","",ABS(P306-Components!$D$2)/Components!$E$2) | R306: =IF(G306="","",ABS(P306-Components!$D$3)/Components!$E$3) | S306: =IF(G306="","",ABS(P306-Components!$D$4)/Components!$E$4) | T306: =IF(G306="","",ABS(P306-Components!$D$5)/Components!$E$5) | U306: =IF(G306="","",ABS(P306-Components!$D$6)/Components!$E$6) | V306: =IF(G306="","",ABS(P306-Components!$D$7)/Components!$E$7) | W306: =IF(G306="","",IF(N306="OK","NONE",INDEX({"S1","S2","W1","W2","N1","N2"},MATCH(MIN(Q306:V306),Q306:V306,0)))) | X306: =IF(G306="","",IF(W306=E306,1,0))
A307: 44 | B307: 6 | C307: R6 | D307: NG | E307: S1 | F307: K044 | G307: 5.91 | J307: =VLOOKUP(C307,Recipes!$A$2:$N$4,10,FALSE()) | K307: =VLOOKUP(C307,Recipes!$A$2:$N$4,12,FALSE()) | L307: =J307-3*K307 | M307: =J307+3*K307 | N307: =IF(G307="","",IF(AND(G307>=L307,G307<=M307),"OK","NG")) | O307: =IF(N307="","",IF(N307=D307,1,0)) | P307: =IF(G307="","",J307-G307) | Q307: =IF(G307="","",ABS(P307-Components!$D$2)/Components!$E$2) | R307: =IF(G307="","",ABS(P307-Components!$D$3)/Components!$E$3) | S307: =IF(G307="","",ABS(P307-Components!$D$4)/Components!$E$4) | T307: =IF(G307="","",ABS(P307-Components!$D$5)/Components!$E$5) | U307: =IF(G307="","",ABS(P307-Components!$D$6)/Components!$E$6) | V307: =IF(G307="","",ABS(P307-Components!$D$7)/Components!$E$7) | W307: =IF(G307="","",IF(N307="OK","NONE",INDEX({"S1","S2","W1","W2","N1","N2"},MATCH(MIN(Q307:V307),Q307:V307,0)))) | X307: =IF(G307="","",IF(W307=E307,1,0))
A308: 44 | B308: 6 | C308: R6 | D308: NG | E308: S1 | F308: K044 | G308: 5.86 | J308: =VLOOKUP(C308,Recipes!$A$2:$N$4,10,FALSE()) | K308: =VLOOKUP(C308,Recipes!$A$2:$N$4,12,FALSE()) | L308: =J308-3*K308 | M308: =J308+3*K308 | N308: =IF(G308="","",IF(AND(G308>=L308,G308<=M308),"OK","NG")) | O308: =IF(N308="","",IF(N308=D308,1,0)) | P308: =IF(G308="","",J308-G308) | Q308: =IF(G308="","",ABS(P308-Components!$D$2)/Components!$E$2) | R308: =IF(G308="","",ABS(P308-Components!$D$3)/Components!$E$3) | S308: =IF(G308="","",ABS(P308-Components!$D$4)/Components!$E$4) | T308: =IF(G308="","",ABS(P308-Components!$D$5)/Components!$E$5) | U308: =IF(G308="","",ABS(P308-Components!$D$6)/Components!$E$6) | V308: =IF(G308="","",ABS(P308-Components!$D$7)/Components!$E$7) | W308: =IF(G308="","",IF(N308="OK","NONE",INDEX({"S1","S2","W1","W2","N1","N2"},MATCH(MIN(Q308:V308),Q308:V308,0)))) | X308: =IF(G308="","",IF(W308=E308,1,0))
A309: 44 | B309: 6 | C309: R6 | D309: NG | E309: S1 | F309: K044 | G309: 5.9 | J309: =VLOOKUP(C309,Recipes!$A$2:$N$4,10,FALSE()) | K309: =VLOOKUP(C309,Recipes!$A$2:$N$4,12,FALSE()) | L309: =J309-3*K309 | M309: =J309+3*K309 | N309: =IF(G309="","",IF(AND(G309>=L309,G309<=M309),"OK","NG")) | O309: =IF(N309="","",IF(N309=D309,1,0)) | P309: =IF(G309="","",J309-G309) | Q309: =IF(G309="","",ABS(P309-Components!$D$2)/Components!$E$2) | R309: =IF(G309="","",ABS(P309-Components!$D$3)/Components!$E$3) | S309: =IF(G309="","",ABS(P309-Components!$D$4)/Components!$E$4) | T309: =IF(G309="","",ABS(P309-Components!$D$5)/Components!$E$5) | U309: =IF(G309="","",ABS(P309-Components!$D$6)/Components!$E$6) | V309: =IF(G309="","",ABS(P309-Components!$D$7)/Components!$E$7) | W309: =IF(G309="","",IF(N309="OK","NONE",INDEX({"S1","S2","W1","W2","N1","N2"},MATCH(MIN(Q309:V309),Q309:V309,0)))) | X309: =IF(G309="","",IF(W309=E309,1,0))
